{
    "clustering_positions": [
        6,
        7
    ],
    "cluster_count": 18,
    "noise_cluster_size": 115,
    "min_cluster_size": 4,
    "max_cluster_size": 38,
    "mean_cluster_size": 12.1,
    "max_rmsd": 1.6,
    "cluster_max_rmsds": [
        0.4903672093441842,
        1.6390350819918396,
        1.0146135553335893,
        1.0820728564503732,
        2.3962969348559495,
        1.5549749194118945,
        1.0267450186552334,
        1.7626605837010514,
        1.0296648321986461,
        1.9589743915290576,
        2.899970172260403,
        2.0807564329669446,
        1.109104443533914,
        2.719124859214816,
        0.9424936781397147,
        2.3607449389264152,
        0.8205392535806364,
        0.6669207849012742
    ],
    "noise_cluster_max_rmsd": 2.8547361816228594,
    "noise_cluster": [
        "1k5n",
        "3mre",
        "3czf",
        "6mt3",
        "6y29",
        "3d25",
        "6mt6",
        "7kgq",
        "2bvp",
        "6mtl",
        "6y2b",
        "6j2a",
        "7kgp",
        "6vb2",
        "1x7q",
        "7wkj",
        "7jyv",
        "6mt5",
        "6mt4",
        "5nmh",
        "7kgs",
        "6o4y",
        "2vll",
        "6j29",
        "7r7y",
        "3pwn",
        "2v2w",
        "5wmo",
        "3pwl",
        "7p3d",
        "3mrd",
        "3pwj",
        "3l3i",
        "5w6a",
        "3d18",
        "4u1s",
        "5vue",
        "3bp7",
        "3lko",
        "5vwf",
        "1i7u",
        "5vwd",
        "5iek",
        "3bo8",
        "3l3d",
        "1duz",
        "3lkq",
        "3x13",
        "4nt6",
        "3kpq",
        "5enw",
        "3bp4",
        "5fa3",
        "3bxn",
        "3mrj",
        "3myj",
        "5vuf",
        "3rew",
        "3ft4",
        "6vb0",
        "3lks",
        "6uzs",
        "3kpp",
        "4nny",
        "4u1i",
        "3fqw",
        "3lv3",
        "2av1",
        "7lgt",
        "3lkr",
        "6vb3",
        "3upr",
        "4nqx",
        "5wsh",
        "3hpj",
        "6j1v",
        "3lkn",
        "6z9v",
        "7l1b",
        "7rtd",
        "2av7",
        "1jge",
        "7ejn",
        "1w0w",
        "5ind",
        "6o9b",
        "1e27",
        "7mle",
        "6ujo",
        "7nmd",
        "7lg0",
        "1a1m",
        "1a1o",
        "7lg3",
        "7n6d",
        "7tlt",
        "5vgd",
        "6vr1",
        "2c7u",
        "4nqv",
        "4hwz",
        "1sys",
        "1qr1",
        "6o9c",
        "5xs3",
        "1hhk",
        "1hhi",
        "3to2",
        "2xpg",
        "5vge",
        "1cg9",
        "1qqd",
        "6z9w",
        "2bck",
        "5w69"
    ],
    "outlier_scores": [],
    "clusters": {
        "1": [
            "7r7v",
            "5vwh",
            "3x12",
            "5vwj",
            "5vud",
            "7r7x",
            "3x11",
            "2rfx"
        ],
        "2": [
            "3mrg",
            "6joz",
            "1uxw",
            "2x4s",
            "7n1b"
        ],
        "3": [
            "4qrs",
            "5wmq",
            "4qrt",
            "5wmr",
            "1m05",
            "7nui",
            "3bvn",
            "1a9b"
        ],
        "4": [
            "5eu5",
            "3kla",
            "5nmk",
            "7mj9",
            "3gsw",
            "7mj6",
            "3rl1",
            "6ptb",
            "1s9w",
            "1s9y",
            "3mrf",
            "1eez",
            "3l3j",
            "1s9x",
            "5f9j",
            "4l3c"
        ],
        "5": [
            "2a83",
            "5ib2",
            "1uxs",
            "2v2x",
            "4qrq",
            "5txs",
            "4hx1",
            "5ib1",
            "3kpl",
            "3kpn",
            "3v5d",
            "2bst",
            "1a9e",
            "5im7",
            "1hhg"
        ],
        "6": [
            "7r7w",
            "4u1m",
            "4u1n",
            "1xr9",
            "5wmn",
            "6uli",
            "6d2t",
            "6jtp",
            "4u1k",
            "7lg2",
            "6uzq"
        ],
        "7": [
            "6v2q",
            "4qru",
            "3skm",
            "3x14",
            "4u1l"
        ],
        "8": [
            "3mrk",
            "3mrb",
            "6q3k",
            "6o4z",
            "1m6o",
            "3gso",
            "5e00",
            "7ejm",
            "1tvb",
            "3fqt",
            "3gsu",
            "1tvh",
            "7sa2",
            "5mer",
            "7ejl",
            "7u21",
            "6pte",
            "1t1z",
            "3gsv",
            "3mr9",
            "3gsr",
            "3ft3",
            "5eu3",
            "5vvp",
            "3gsx",
            "3ixa",
            "3l3g",
            "3gsq",
            "5eu4",
            "7kgo",
            "1t22",
            "1s8d",
            "1t1w",
            "5meq",
            "3kpo",
            "2x4r",
            "6ss9",
            "4l29"
        ],
        "9": [
            "7tuc",
            "4u1j",
            "6j1w",
            "3kpm",
            "1syv",
            "6vb1",
            "3h7b",
            "4k7f",
            "1t1y",
            "3h9h",
            "2x4u",
            "1t21",
            "1i1y",
            "1t20",
            "1t1x",
            "1eey",
            "3mrh",
            "3mrl",
            "5ib5",
            "3l3k",
            "1i1f",
            "7eu2"
        ],
        "10": [
            "4u1h",
            "2cik",
            "6uzm",
            "2h6p",
            "6uzp",
            "6vb7",
            "6vb6",
            "6vb5",
            "6uzn",
            "1xr8"
        ],
        "11": [
            "3qfd",
            "2gtz",
            "5n6b",
            "3c9n",
            "2guo",
            "6ssa",
            "1jht",
            "6ss8",
            "6viu",
            "6vb4",
            "1q94",
            "6ss7"
        ],
        "12": [
            "1ogt",
            "5def",
            "5eo0",
            "5deg",
            "5eo1",
            "5ib3",
            "5ib4",
            "1of2",
            "6uzo"
        ],
        "13": [
            "7kgr",
            "3v5h",
            "5xos",
            "6opd",
            "5hhp",
            "7mkb",
            "7uc5",
            "5hhn",
            "5hhq",
            "3v5k",
            "1hhj",
            "7re8",
            "7s8r"
        ],
        "14": [
            "3sko",
            "2git",
            "4i4w",
            "5meo",
            "3mrc",
            "7lfz",
            "3mri",
            "1qew",
            "2x4o",
            "3i6l",
            "6ujq",
            "5mep"
        ],
        "15": [
            "7m8u",
            "1n2r",
            "3lkp",
            "7lgd"
        ],
        "16": [
            "7m8t",
            "7mja",
            "7l1c",
            "4o2e",
            "5u98",
            "6xqa",
            "1w0v",
            "6vr5",
            "4i48",
            "5inc",
            "7jyw",
            "7f4w"
        ],
        "17": [
            "6pyw",
            "6pyv",
            "6pz5",
            "7p3e",
            "7n1a",
            "1hsa",
            "1i7r",
            "2bsr",
            "1b0g",
            "1i7t"
        ],
        "18": [
            "6y26",
            "6y2a",
            "6y27",
            "6pyj",
            "6y28",
            "4no5",
            "6nca"
        ]
    }
}