{
    "clustering_positions": [
        5,
        7
    ],
    "cluster_count": 22,
    "noise_cluster_size": 118,
    "min_cluster_size": 4,
    "max_cluster_size": 28,
    "mean_cluster_size": 9.7,
    "max_rmsd": 1.29,
    "cluster_max_rmsds": [
        0.7333257575366213,
        1.0950506837585208,
        1.9873340601586518,
        2.185981167957919,
        0.7135829781228445,
        1.6912997960148881,
        1.9848307232608065,
        0.6648380755241613,
        0.8043183449356389,
        0.21961253758988092,
        0.68652579461129,
        0.6658067787779504,
        0.863663707701096,
        0.8524413958351221,
        1.4332068936479487,
        0.7933408262951458,
        1.9215363644750563,
        0.9362544169900238,
        1.7746035237952897,
        1.1505194479016845,
        2.174215644012034,
        0.9052796989512921
    ],
    "noise_cluster_max_rmsd": 3.4686674674866103,
    "noise_cluster": [
        "6mt3",
        "6mt6",
        "6joz",
        "4qrs",
        "2a83",
        "4qrt",
        "6vb2",
        "5ib2",
        "1x7q",
        "7m8t",
        "6o4z",
        "7wkj",
        "6j1w",
        "7jyv",
        "5eu5",
        "6mt4",
        "7kgs",
        "5wmr",
        "4u1h",
        "2v2x",
        "2vll",
        "7r7y",
        "3pwn",
        "2v2w",
        "5wmo",
        "3pwl",
        "7p3d",
        "2gtz",
        "5e00",
        "5txs",
        "5xos",
        "3pwj",
        "3l3i",
        "1uxw",
        "5w6a",
        "3d18",
        "2cik",
        "1xr9",
        "4hx1",
        "1tvb",
        "3x12",
        "5vue",
        "3fqt",
        "3bp7",
        "1i7u",
        "3skm",
        "5vwd",
        "5iek",
        "3l3d",
        "1tvh",
        "3gsw",
        "4nt6",
        "5enw",
        "3bp4",
        "5fa3",
        "3bxn",
        "6uli",
        "3myj",
        "5vuf",
        "3rew",
        "6d2t",
        "6vb0",
        "3lks",
        "3kpp",
        "1t1z",
        "5ib1",
        "4u1i",
        "3fqw",
        "3lv3",
        "3gsr",
        "3kpl",
        "7l1c",
        "7lgt",
        "4o2e",
        "3kpn",
        "3lkr",
        "3upr",
        "4nqx",
        "3x14",
        "3hpj",
        "6j1v",
        "5vud",
        "3lkn",
        "3v5d",
        "7l1b",
        "4u1k",
        "4no5",
        "2bst",
        "7kgo",
        "3x11",
        "1jht",
        "6xqa",
        "6o9b",
        "1e27",
        "7mle",
        "6ujo",
        "2x4o",
        "3mrf",
        "7tlt",
        "5vgd",
        "2c7u",
        "4nqv",
        "1q94",
        "6uzq",
        "3i6l",
        "6o9c",
        "1a9e",
        "5xs3",
        "1hhi",
        "6ss7",
        "3to2",
        "1cg9",
        "1qqd",
        "5mep",
        "2bck",
        "5w69",
        "7s8r",
        "6nca"
    ],
    "outlier_scores": [],
    "clusters": {
        "1": [
            "7r7v",
            "5vwh",
            "5vwj",
            "7r7x",
            "1a1m",
            "2rfx"
        ],
        "2": [
            "7ejm",
            "3bo8",
            "5u98",
            "1w0w",
            "1w0v"
        ],
        "3": [
            "3d25",
            "3sko",
            "3mrd",
            "4i4w",
            "5meo",
            "5vwf",
            "7lfz",
            "6z9v",
            "3mri",
            "1a1o",
            "4hwz",
            "1hhg",
            "4i48",
            "5inc"
        ],
        "4": [
            "6mt5",
            "7mja",
            "4qrq",
            "4u1s",
            "3mrc",
            "5im7",
            "7jyw"
        ],
        "5": [
            "6uzm",
            "5wmn",
            "3c9n",
            "6uzs",
            "2h6p",
            "6vb3",
            "6uzp",
            "6vb7",
            "5eu4",
            "6vb6",
            "6vb5",
            "6uzn",
            "6viu",
            "6vb4",
            "6uzo"
        ],
        "6": [
            "5wmq",
            "1uxs",
            "4qru",
            "3x13",
            "1m05",
            "4nny",
            "7nui",
            "5ind"
        ],
        "7": [
            "7r7w",
            "4u1m",
            "3czf",
            "6v2q",
            "4u1n",
            "6jtp",
            "4u1l",
            "7lg2",
            "3bvn",
            "5vge",
            "1a9b"
        ],
        "8": [
            "3kla",
            "1s9y",
            "3l3j",
            "1s9x"
        ],
        "9": [
            "6j2a",
            "6j29",
            "5mer",
            "5eu3",
            "4l29"
        ],
        "10": [
            "2git",
            "1duz",
            "2av1",
            "2av7",
            "1hhk"
        ],
        "11": [
            "7kgq",
            "4u1j",
            "6o4y",
            "5eo0",
            "6vb1",
            "5eo1",
            "2x4u",
            "1i1y",
            "1i1f"
        ],
        "12": [
            "3mrb",
            "6q3k",
            "3gso",
            "3gsu",
            "7u21",
            "3gsv",
            "3mr9",
            "3ft3",
            "3gsx",
            "3gsq",
            "1t22",
            "1t1x",
            "5meq",
            "3kpo",
            "3mrl"
        ],
        "13": [
            "3mrg",
            "7kgr",
            "5nmk",
            "7mj9",
            "5hhp",
            "7mj6",
            "1s9w",
            "1hhj",
            "5f9j",
            "4l3c"
        ],
        "14": [
            "7p3e",
            "7n1a",
            "1qew",
            "2bsr",
            "7n6d"
        ],
        "15": [
            "7m8u",
            "3lko",
            "3lkp",
            "3lkq",
            "7ejn"
        ],
        "16": [
            "2bvp",
            "5vvp",
            "6vr1",
            "6vr5"
        ],
        "17": [
            "3mre",
            "7kgp",
            "3qfd",
            "5n6b",
            "2guo",
            "6ssa",
            "6ss8",
            "1sys",
            "1qr1",
            "6z9w",
            "7f4w"
        ],
        "18": [
            "6y29",
            "6y2b",
            "7lg0",
            "7lg3",
            "2x4s",
            "7n1b"
        ],
        "19": [
            "1k5n",
            "6y26",
            "6y2a",
            "6y27",
            "6pyw",
            "6pyj",
            "6pyv",
            "6pz5",
            "5nmh",
            "3v5h",
            "6y28",
            "6opd",
            "7mkb",
            "7uc5",
            "5wsh",
            "3rl1",
            "5hhn",
            "7rtd",
            "1hsa",
            "5hhq",
            "1jge",
            "6ptb",
            "1i7r",
            "1eez",
            "3v5k",
            "1b0g",
            "1i7t",
            "7re8"
        ],
        "20": [
            "6mtl",
            "3kpq",
            "3ft4",
            "1xr8",
            "2xpg"
        ],
        "21": [
            "3mrk",
            "7sa2",
            "3h9h",
            "3ixa",
            "1t21",
            "7nmd",
            "1eey",
            "6ujq",
            "6ss9"
        ],
        "22": [
            "7tuc",
            "1ogt",
            "1m6o",
            "3kpm",
            "5def",
            "1n2r",
            "1syv",
            "5deg",
            "3mrj",
            "3h7b",
            "7ejl",
            "6pte",
            "5ib3",
            "5ib4",
            "4k7f",
            "1t1y",
            "3l3g",
            "1s8d",
            "1t20",
            "1t1w",
            "1of2",
            "2x4r",
            "3mrh",
            "5ib5",
            "3l3k",
            "7eu2",
            "7lgd"
        ]
    }
}