{
    "clustering_positions": [
        1,
        2,
        3,
        4,
        5,
        6,
        7,
        8,
        9
    ],
    "cluster_count": 12,
    "noise_cluster_size": 197,
    "min_cluster_size": 4,
    "max_cluster_size": 41,
    "mean_cluster_size": 11.2,
    "max_rmsd": 1.03,
    "cluster_max_rmsds": [
        0.6846278794595911,
        1.8544764759899255,
        1.3487748761993807,
        1.0244388707970824,
        0.7073415016807602,
        0.9101813006209236,
        0.7391008050327083,
        0.43281789858245584,
        0.4625415296669748,
        0.5838030489814183,
        0.6410153404300647,
        1.175402626053443
    ],
    "noise_cluster_max_rmsd": 2.8547361816228594,
    "noise_cluster": [
        "1k5n",
        "6mt3",
        "3mrg",
        "6mt6",
        "7kgq",
        "2bvp",
        "6mtl",
        "6joz",
        "4u1j",
        "6j2a",
        "4qrs",
        "2a83",
        "4qrt",
        "6vb2",
        "6pyj",
        "6pyv",
        "1x7q",
        "7m8u",
        "7m8t",
        "7wkj",
        "6j1w",
        "7jyv",
        "5eu5",
        "7kgr",
        "6mt5",
        "6mt4",
        "5nmh",
        "7kgs",
        "5wmr",
        "4u1h",
        "2v2x",
        "2vll",
        "6v2q",
        "6j29",
        "7r7y",
        "3pwn",
        "2v2w",
        "3sko",
        "5wmo",
        "3kla",
        "3pwl",
        "7mja",
        "5eo0",
        "4qrq",
        "5txs",
        "5xos",
        "1n2r",
        "3mrd",
        "3pwj",
        "3l3i",
        "7ejm",
        "1uxw",
        "5w6a",
        "3d18",
        "6vb1",
        "4u1s",
        "4i4w",
        "5meo",
        "1xr9",
        "4hx1",
        "3x12",
        "3fqt",
        "3bp7",
        "3lko",
        "5vwf",
        "1i7u",
        "5vwd",
        "5iek",
        "3bo8",
        "3l3d",
        "3gsw",
        "5wmn",
        "5deg",
        "4nt6",
        "3kpq",
        "5enw",
        "5eo1",
        "3bp4",
        "5fa3",
        "3bxn",
        "3mrj",
        "3c9n",
        "5mer",
        "3myj",
        "7ejl",
        "5vuf",
        "3rew",
        "2guo",
        "6d2t",
        "6vb0",
        "3kpp",
        "4nny",
        "6jtp",
        "7lfz",
        "4u1i",
        "3fqw",
        "3lv3",
        "7uc5",
        "3kpl",
        "7l1c",
        "4o2e",
        "3kpn",
        "6vb3",
        "7nui",
        "5vvp",
        "3upr",
        "4nqx",
        "3x14",
        "5wsh",
        "3hpj",
        "6j1v",
        "3h9h",
        "3rl1",
        "5u98",
        "6z9v",
        "7l1b",
        "7rtd",
        "4u1l",
        "6uzp",
        "3ixa",
        "4no5",
        "5hhq",
        "2x4u",
        "1jge",
        "2bst",
        "7ejn",
        "1w0w",
        "6ssa",
        "5eu4",
        "5ind",
        "6xqa",
        "6o9b",
        "1e27",
        "7mle",
        "1qew",
        "1i1y",
        "1t20",
        "1s9w",
        "6ujo",
        "7nmd",
        "1eey",
        "1w0v",
        "3kpo",
        "7lg0",
        "1xr8",
        "1a1m",
        "1a1o",
        "1s9y",
        "2x4o",
        "3mrf",
        "1eez",
        "7tlt",
        "3v5k",
        "5vgd",
        "6vr1",
        "6vr5",
        "2c7u",
        "4nqv",
        "4hwz",
        "1sys",
        "1q94",
        "7lg2",
        "3l3j",
        "6uzq",
        "1qr1",
        "3i6l",
        "3mrl",
        "6o9c",
        "5ib5",
        "5xs3",
        "1hhj",
        "1hhi",
        "6ss7",
        "1s9x",
        "6ujq",
        "2xpg",
        "1hhg",
        "5vge",
        "4l3c",
        "1cg9",
        "1qqd",
        "6z9w",
        "5mep",
        "1i1f",
        "2bck",
        "7eu2",
        "5w69",
        "4i48",
        "7n1b",
        "7re8",
        "7lgd",
        "7jyw",
        "7f4w",
        "7s8r",
        "4l29",
        "1a9b",
        "6nca"
    ],
    "outlier_scores": [],
    "clusters": {
        "1": [
            "3czf",
            "5ib2",
            "1uxs",
            "5ib1"
        ],
        "2": [
            "5wmq",
            "4qru",
            "3skm",
            "3mrc",
            "3x13",
            "1m05",
            "7lgt",
            "3mri",
            "1a9e",
            "3bvn",
            "5inc"
        ],
        "3": [
            "3mre",
            "7kgp",
            "7r7v",
            "5vwh",
            "5vue",
            "5vwj",
            "5vud",
            "3v5d",
            "7r7x",
            "3x11",
            "2rfx",
            "3to2"
        ],
        "4": [
            "7r7w",
            "4u1m",
            "4u1n",
            "6uli",
            "4u1k",
            "5im7"
        ],
        "5": [
            "3qfd",
            "2gtz",
            "5n6b",
            "1jht",
            "6ss8"
        ],
        "6": [
            "6y26",
            "6y2a",
            "6y29",
            "6y2b",
            "6y27",
            "6pyw",
            "6pz5",
            "7p3d",
            "6y28",
            "2git",
            "1duz",
            "2av1",
            "7p3e",
            "2av7",
            "7n1a",
            "1hsa",
            "1i7r",
            "2bsr",
            "7lg3",
            "7n6d",
            "1hhk",
            "1b0g",
            "2x4s",
            "1i7t"
        ],
        "7": [
            "3lkp",
            "3lkq",
            "3lks",
            "3lkr",
            "3lkn",
            "3l3k"
        ],
        "8": [
            "2cik",
            "6uzm",
            "6uzs",
            "2h6p",
            "6vb7",
            "6vb6",
            "6vb5",
            "6uzn",
            "6viu",
            "6vb4",
            "6uzo"
        ],
        "9": [
            "7tuc",
            "1m6o",
            "3kpm",
            "1syv",
            "3l3g"
        ],
        "10": [
            "1ogt",
            "5def",
            "5ib3",
            "5ib4",
            "1of2"
        ],
        "11": [
            "5nmk",
            "7mj9",
            "6opd",
            "7mj6",
            "5f9j"
        ],
        "12": [
            "3d25",
            "3mrk",
            "3mrb",
            "6q3k",
            "6o4z",
            "6o4y",
            "3gso",
            "3v5h",
            "5e00",
            "1tvb",
            "3gsu",
            "1tvh",
            "7sa2",
            "3h7b",
            "3ft4",
            "5hhp",
            "7u21",
            "6pte",
            "1t1z",
            "3gsv",
            "7mkb",
            "3mr9",
            "3gsr",
            "3ft3",
            "5eu3",
            "4k7f",
            "1t1y",
            "5hhn",
            "3gsx",
            "3gsq",
            "7kgo",
            "6ptb",
            "1t21",
            "1t22",
            "1s8d",
            "1t1x",
            "1t1w",
            "5meq",
            "2x4r",
            "3mrh",
            "6ss9"
        ]
    }
}