{
    "clustering_positions": [
        5,
        6,
        7
    ],
    "cluster_count": 22,
    "noise_cluster_size": 139,
    "min_cluster_size": 4,
    "max_cluster_size": 20,
    "mean_cluster_size": 8.8,
    "max_rmsd": 0.94,
    "cluster_max_rmsds": [
        1.2711111936674409,
        1.5486349903490246,
        0.667518039706288,
        1.1882001795432693,
        1.3257679535524594,
        0.43281789858245584,
        1.1766412650704807,
        0.6724462803823082,
        0.7245196109607145,
        1.3874933032871448,
        0.6918547535429674,
        0.9424936781397147,
        0.5277922571113203,
        0.5619685637708428,
        0.9235428161884699,
        1.0080904390645364,
        0.7043801057194418,
        0.36059487886916647,
        0.8082986246843867,
        0.38614461884981033,
        0.780067091131692,
        0.7230696139837955
    ],
    "noise_cluster_max_rmsd": 2.8547361816228594,
    "noise_cluster": [
        "1k5n",
        "3mre",
        "7r7w",
        "3czf",
        "6mt3",
        "3d25",
        "3mrg",
        "6mt6",
        "7kgq",
        "6mtl",
        "6joz",
        "6y2b",
        "6j2a",
        "2a83",
        "3mrb",
        "6vb2",
        "1x7q",
        "7wkj",
        "6mt5",
        "6mt4",
        "5nmh",
        "7kgs",
        "4u1h",
        "2v2x",
        "2vll",
        "6v2q",
        "7r7y",
        "3pwn",
        "2v2w",
        "4qru",
        "5wmo",
        "3pwl",
        "7p3d",
        "5txs",
        "2git",
        "3pwj",
        "3l3i",
        "7ejm",
        "1uxw",
        "5w6a",
        "3d18",
        "4u1s",
        "5meo",
        "4hx1",
        "3x12",
        "5vue",
        "3bp7",
        "5vwf",
        "1i7u",
        "3skm",
        "5iek",
        "3l3d",
        "3gsw",
        "5wmn",
        "5enw",
        "3bp4",
        "5fa3",
        "3bxn",
        "3c9n",
        "3myj",
        "5vuf",
        "3rew",
        "6vb0",
        "3kpp",
        "5ib1",
        "4u1i",
        "3fqw",
        "3lv3",
        "3gsr",
        "7l1c",
        "4o2e",
        "3kpn",
        "3lkr",
        "6vb3",
        "5vvp",
        "3upr",
        "3x14",
        "5wsh",
        "3hpj",
        "6j1v",
        "3h9h",
        "3lkn",
        "3rl1",
        "3v5d",
        "5u98",
        "7l1b",
        "4u1l",
        "1hsa",
        "4no5",
        "2bst",
        "7ejn",
        "1w0w",
        "5ind",
        "3x11",
        "6ptb",
        "6xqa",
        "1t21",
        "6o9b",
        "1e27",
        "7mle",
        "6ujo",
        "1eey",
        "1w0v",
        "7lg0",
        "1xr8",
        "1a1m",
        "2x4o",
        "3mrf",
        "1eez",
        "7n6d",
        "7tlt",
        "5vgd",
        "6viu",
        "6vb4",
        "6vr1",
        "6vr5",
        "2c7u",
        "4hwz",
        "7lg2",
        "6uzq",
        "1qr1",
        "6o9c",
        "5xs3",
        "1hhj",
        "1hhi",
        "5im7",
        "2x4s",
        "3to2",
        "2xpg",
        "1hhg",
        "5vge",
        "1qqd",
        "2bck",
        "5w69",
        "4i48",
        "7n1b",
        "7s8r",
        "1a9b",
        "6nca"
    ],
    "outlier_scores": [],
    "clusters": {
        "1": [
            "4qrs",
            "5wmq",
            "4qrt",
            "5ib2",
            "1uxs",
            "5wmr",
            "7mja",
            "4qrq",
            "3mrc",
            "3x13",
            "1m05",
            "6d2t",
            "4nny",
            "3kpl",
            "7lgt",
            "7nui",
            "1a9e",
            "3bvn",
            "1cg9",
            "7jyw"
        ],
        "2": [
            "2bvp",
            "7kgp",
            "7m8t",
            "7jyv",
            "7r7v",
            "5vwh",
            "3bo8",
            "5vwj",
            "5vud",
            "6z9v",
            "7r7x",
            "1a1o",
            "1sys",
            "2rfx",
            "6z9w",
            "7f4w"
        ],
        "3": [
            "6j29",
            "5vwd",
            "4nqx",
            "4nqv"
        ],
        "4": [
            "3sko",
            "3mrd",
            "7lfz",
            "3mri",
            "5inc"
        ],
        "5": [
            "4u1m",
            "4u1n",
            "1xr9",
            "6uli",
            "6jtp",
            "4u1k"
        ],
        "6": [
            "2cik",
            "6uzm",
            "6uzs",
            "2h6p",
            "6uzp",
            "6vb7",
            "6vb6",
            "6vb5",
            "6uzn",
            "6uzo"
        ],
        "7": [
            "4i4w",
            "3i6l",
            "6ujq",
            "5mep"
        ],
        "8": [
            "4u1j",
            "5eo0",
            "5xos",
            "6vb1",
            "5eo1",
            "2x4u",
            "1i1y",
            "1i1f"
        ],
        "9": [
            "3qfd",
            "2gtz",
            "5n6b",
            "2guo",
            "6ssa",
            "1jht",
            "6ss8",
            "1q94",
            "6ss7"
        ],
        "10": [
            "5eu5",
            "3kla",
            "5nmk",
            "5e00",
            "7mj9",
            "1tvb",
            "3fqt",
            "1tvh",
            "5mer",
            "7mj6",
            "5eu3",
            "5eu4",
            "1s9w",
            "1s9y",
            "3l3j",
            "1s9x",
            "5f9j",
            "4l3c",
            "4l29"
        ],
        "11": [
            "1ogt",
            "5def",
            "5deg",
            "5ib3",
            "5ib4",
            "1of2"
        ],
        "12": [
            "7m8u",
            "3lko",
            "3lkp",
            "3lkq",
            "4nt6",
            "3lks"
        ],
        "13": [
            "6y29",
            "1duz",
            "2av1",
            "2av7",
            "7lg3",
            "1hhk"
        ],
        "14": [
            "6q3k",
            "3gso",
            "3gsu",
            "3ft4",
            "7u21",
            "3gsv",
            "3mr9",
            "3ft3",
            "3gsx",
            "3gsq",
            "1t22",
            "5meq",
            "3kpo"
        ],
        "15": [
            "6j1w",
            "7kgr",
            "5hhp",
            "1t1x",
            "3mrl"
        ],
        "16": [
            "7p3e",
            "7n1a",
            "1jge",
            "1qew",
            "2bsr"
        ],
        "17": [
            "3mrk",
            "6o4z",
            "6o4y",
            "7sa2",
            "1t1z",
            "3ixa",
            "7kgo",
            "7nmd",
            "6ss9"
        ],
        "18": [
            "6y26",
            "6y2a",
            "6y27",
            "6pyj",
            "6y28"
        ],
        "19": [
            "6pyw",
            "6pyv",
            "6pz5",
            "1n2r",
            "1i7r",
            "1b0g",
            "1i7t",
            "7lgd"
        ],
        "20": [
            "3v5h",
            "6opd",
            "7mkb",
            "7uc5",
            "5hhn",
            "7rtd",
            "5hhq",
            "3v5k",
            "7re8"
        ],
        "21": [
            "1m6o",
            "7ejl",
            "6pte",
            "3l3g",
            "1s8d",
            "1t1w",
            "2x4r"
        ],
        "22": [
            "7tuc",
            "3kpm",
            "1syv",
            "3kpq",
            "3mrj",
            "3h7b",
            "4k7f",
            "1t1y",
            "1t20",
            "3mrh",
            "5ib5",
            "3l3k",
            "7eu2"
        ]
    }
}