{
    "clustering_positions": [
        5,
        6
    ],
    "cluster_count": 21,
    "noise_cluster_size": 121,
    "min_cluster_size": 4,
    "max_cluster_size": 25,
    "mean_cluster_size": 10.0,
    "max_rmsd": 0.96,
    "cluster_max_rmsds": [
        1.411871216978847,
        1.4820385734971053,
        1.3257679535524594,
        0.5557535424988277,
        1.1604052453058529,
        0.7804678084328692,
        0.49933923004974035,
        1.0137371454178863,
        0.9626259224988001,
        0.5443757893220462,
        0.8723701431540802,
        0.6724462803823082,
        0.7135315923863076,
        0.6918547535429674,
        0.6413636513970321,
        0.7003282563674486,
        0.6669207849012742,
        0.6232479442404927,
        1.2749213047609385,
        0.7991902151553127,
        0.7970782061169863
    ],
    "noise_cluster_max_rmsd": 2.8547361816228594,
    "noise_cluster": [
        "1k5n",
        "3mre",
        "7r7w",
        "3czf",
        "6mt3",
        "7kgq",
        "2bvp",
        "6mtl",
        "6joz",
        "6j2a",
        "4qrs",
        "2a83",
        "4qrt",
        "3mrb",
        "6vb2",
        "1x7q",
        "7m8u",
        "7m8t",
        "7wkj",
        "6j1w",
        "7jyv",
        "5nmh",
        "7kgs",
        "5wmr",
        "6o4y",
        "4u1h",
        "2v2x",
        "2vll",
        "6v2q",
        "2v2w",
        "5wmo",
        "5txs",
        "1n2r",
        "7ejm",
        "5w6a",
        "3d18",
        "4u1s",
        "4hx1",
        "1tvb",
        "3x12",
        "3fqt",
        "3bp7",
        "3lko",
        "5vwf",
        "5iek",
        "3bo8",
        "3l3d",
        "1tvh",
        "3lkq",
        "3x13",
        "3gsw",
        "5wmn",
        "5enw",
        "5eo1",
        "3bp4",
        "5fa3",
        "3bxn",
        "5mer",
        "3myj",
        "5vuf",
        "3rew",
        "5ib1",
        "4u1i",
        "3fqw",
        "3lv3",
        "3gsr",
        "7l1c",
        "5eu3",
        "4o2e",
        "5vvp",
        "3upr",
        "4nqx",
        "6j1v",
        "3h9h",
        "5vud",
        "3lkn",
        "3v5d",
        "5u98",
        "6z9v",
        "7l1b",
        "2av7",
        "4u1l",
        "1w0w",
        "5eu4",
        "3x11",
        "6o9b",
        "1e27",
        "6ujo",
        "1eey",
        "1w0v",
        "7lg0",
        "1xr8",
        "1a1m",
        "1a1o",
        "2x4o",
        "7tlt",
        "5vgd",
        "6vr1",
        "6vr5",
        "2c7u",
        "4hwz",
        "7lg2",
        "3l3j",
        "6uzq",
        "6o9c",
        "5xs3",
        "1hhi",
        "5im7",
        "5f9j",
        "3bvn",
        "6ujq",
        "2xpg",
        "1hhg",
        "5vge",
        "1cg9",
        "1qqd",
        "2bck",
        "4i48",
        "5inc",
        "7s8r",
        "1a9b"
    ],
    "outlier_scores": [],
    "clusters": {
        "1": [
            "6mt6",
            "6mt5",
            "6mt4",
            "7r7y",
            "4qru",
            "3skm",
            "3x14",
            "5ind"
        ],
        "2": [
            "5wmq",
            "5ib2",
            "1uxs",
            "3sko",
            "7mja",
            "4qrq",
            "3mrd",
            "4i4w",
            "5meo",
            "3mrc",
            "1m05",
            "6d2t",
            "3kpp",
            "4nny",
            "7lfz",
            "3kpl",
            "7lgt",
            "3kpn",
            "7nui",
            "3mri",
            "6xqa",
            "3i6l",
            "1a9e",
            "5mep",
            "7jyw"
        ],
        "3": [
            "4u1m",
            "4u1n",
            "1xr9",
            "6uli",
            "6uzs",
            "6jtp",
            "6vb3",
            "4u1k"
        ],
        "4": [
            "2cik",
            "6uzm",
            "3c9n",
            "2h6p",
            "6uzp",
            "6vb7",
            "6vb6",
            "6vb5",
            "6uzn",
            "6viu",
            "6vb4",
            "6uzo"
        ],
        "5": [
            "7kgp",
            "7r7v",
            "5vwh",
            "5vue",
            "5vwj",
            "7r7x",
            "1sys",
            "2rfx",
            "3to2",
            "6z9w",
            "7f4w"
        ],
        "6": [
            "3qfd",
            "2gtz",
            "5n6b",
            "2guo",
            "6ssa",
            "1jht",
            "6ss8",
            "1q94",
            "1qr1",
            "6ss7"
        ],
        "7": [
            "6j29",
            "5vwd",
            "3hpj",
            "4nqv"
        ],
        "8": [
            "7p3d",
            "2git",
            "2av1",
            "2bst",
            "1hhk"
        ],
        "9": [
            "3mrg",
            "3lks",
            "3lkr",
            "5wsh"
        ],
        "10": [
            "3d25",
            "6o4z",
            "5eu5",
            "1t1z",
            "7kgo"
        ],
        "11": [
            "3mrk",
            "3l3i",
            "3lkp",
            "7sa2",
            "3ixa",
            "7ejn",
            "1t21",
            "7nmd",
            "6ss9"
        ],
        "12": [
            "4u1j",
            "5eo0",
            "5xos",
            "6vb1",
            "6vb0",
            "2x4u",
            "1i1y",
            "1hhj",
            "1i1f"
        ],
        "13": [
            "7kgr",
            "5hhp",
            "7mle",
            "1t1x",
            "3mrl"
        ],
        "14": [
            "1ogt",
            "5def",
            "5deg",
            "5ib3",
            "5ib4",
            "1of2"
        ],
        "15": [
            "3kla",
            "5e00",
            "1s9w",
            "1s9y",
            "1s9x",
            "4l29"
        ],
        "16": [
            "6q3k",
            "3gso",
            "5nmk",
            "7mj9",
            "3gsu",
            "3ft4",
            "7u21",
            "3gsv",
            "3mr9",
            "7mj6",
            "3ft3",
            "3gsx",
            "3gsq",
            "1t22",
            "5meq",
            "3kpo",
            "4l3c"
        ],
        "17": [
            "6y26",
            "6y2a",
            "6y29",
            "6y2b",
            "6y27",
            "6pyj",
            "6y28",
            "1duz",
            "1hsa",
            "4no5",
            "7lg3",
            "6nca"
        ],
        "18": [
            "3pwn",
            "3pwl",
            "3pwj",
            "1uxw",
            "7p3e",
            "7n1a",
            "1qew",
            "2bsr",
            "7n6d"
        ],
        "19": [
            "6pyw",
            "6pyv",
            "6pz5",
            "4nt6",
            "3mrj",
            "1jge",
            "1i7r",
            "1b0g",
            "2x4s",
            "1i7t",
            "5w69",
            "7n1b",
            "7lgd"
        ],
        "20": [
            "1m6o",
            "7ejl",
            "6pte",
            "3rl1",
            "3l3g",
            "6ptb",
            "1s8d",
            "1t1w",
            "2x4r",
            "3mrf",
            "1eez"
        ],
        "21": [
            "7tuc",
            "3kpm",
            "3v5h",
            "1syv",
            "6opd",
            "1i7u",
            "3kpq",
            "3h7b",
            "7mkb",
            "7uc5",
            "4k7f",
            "1t1y",
            "5hhn",
            "7rtd",
            "5hhq",
            "1t20",
            "3v5k",
            "3mrh",
            "5ib5",
            "3l3k",
            "7eu2",
            "7re8"
        ]
    }
}