{
    "clustering_positions": [
        4,
        7
    ],
    "cluster_count": 28,
    "noise_cluster_size": 78,
    "min_cluster_size": 3,
    "max_cluster_size": 38,
    "mean_cluster_size": 9.1,
    "max_rmsd": 1.68,
    "cluster_max_rmsds": [
        1.257755805658105,
        0.9789850186119667,
        0.38653244796955055,
        1.214857056063251,
        1.8098960375299669,
        1.4332068936479487,
        2.119236183156562,
        0.8891767728260378,
        1.1098205560660113,
        1.526148092420915,
        1.8424778605635064,
        1.9170904169252554,
        1.7653668174065074,
        1.9799590904864666,
        2.2369211728027745,
        0.9222257496585806,
        0.872118111267044,
        2.449414419815477,
        1.6389543414425385,
        2.045795118448242,
        2.0454517023549235,
        2.2808136706009146,
        1.8656695848943907,
        2.029763943582269,
        1.2032756680550551,
        1.847375886674574,
        2.0155938744366813,
        1.9664070450104318
    ],
    "noise_cluster_max_rmsd": 3.195843811369174,
    "noise_cluster": [
        "4u1m",
        "6mt3",
        "6mt6",
        "6pyw",
        "6j2a",
        "7kgp",
        "6vb2",
        "1x7q",
        "7wkj",
        "6j1w",
        "6mt5",
        "6mt4",
        "7kgs",
        "5wmr",
        "2vll",
        "6v2q",
        "6j29",
        "7r7y",
        "3sko",
        "5wmo",
        "7mja",
        "4qrq",
        "3l3i",
        "7ejm",
        "1uxw",
        "5w6a",
        "3d18",
        "4u1s",
        "1xr9",
        "3x12",
        "5vue",
        "5vwf",
        "1i7u",
        "5vwd",
        "5iek",
        "3l3d",
        "4nt6",
        "5fa3",
        "5vuf",
        "6vb0",
        "3kpp",
        "7uc5",
        "3kpl",
        "7lgt",
        "3lkr",
        "3upr",
        "7p3e",
        "7l1b",
        "2x4u",
        "7r7x",
        "1w0w",
        "6o9b",
        "1e27",
        "7mle",
        "1i1y",
        "6ujo",
        "7nmd",
        "1eey",
        "7lg0",
        "1a1m",
        "1eez",
        "7tlt",
        "5vgd",
        "6vr5",
        "2c7u",
        "4nqv",
        "1sys",
        "6uzq",
        "1qr1",
        "6o9c",
        "1a9e",
        "5xs3",
        "5im7",
        "1qqd",
        "2bck",
        "5w69",
        "7jyw",
        "7s8r"
    ],
    "outlier_scores": [],
    "clusters": {
        "1": [
            "5txs",
            "6vb3",
            "5ind"
        ],
        "2": [
            "3qfd",
            "2gtz",
            "2guo",
            "1jht",
            "6vr1"
        ],
        "3": [
            "7r7v",
            "5vwh",
            "5vwj",
            "5vud",
            "3x11",
            "2rfx"
        ],
        "4": [
            "6joz",
            "6y2b",
            "3myj",
            "3rew",
            "4u1i",
            "3hpj",
            "2x4s"
        ],
        "5": [
            "1k5n",
            "6y26",
            "6y2a",
            "6y27",
            "6y28",
            "5xos",
            "3rl1",
            "1hsa",
            "1jge",
            "1qew",
            "3l3j"
        ],
        "6": [
            "7m8u",
            "3lko",
            "3lkp",
            "3lkq",
            "3lks",
            "3lkn",
            "7ejn"
        ],
        "7": [
            "7jyv",
            "5n6b",
            "3bo8",
            "7sa2",
            "7ejl",
            "5eu3",
            "4o2e",
            "4k7f",
            "5vvp",
            "6j1v",
            "3ixa",
            "6ssa",
            "6ss8",
            "1a1o",
            "6viu",
            "6vb4",
            "6uzo",
            "3l3k",
            "7f4w"
        ],
        "8": [
            "3gsw",
            "5enw",
            "7rtd"
        ],
        "9": [
            "7tuc",
            "7kgq",
            "4u1j",
            "1m6o",
            "3kpm",
            "1n2r",
            "1syv",
            "6vb1",
            "5u98",
            "3l3g",
            "1w0v",
            "7lgd"
        ],
        "10": [
            "3pwl",
            "5deg",
            "3mrj",
            "4nqx",
            "3h9h",
            "3kpo",
            "4l29"
        ],
        "11": [
            "3mre",
            "2v2w",
            "7p3d",
            "2x4o",
            "3mrf"
        ],
        "12": [
            "3mrk",
            "3mrb",
            "1ogt",
            "6q3k",
            "6o4z",
            "6o4y",
            "3gso",
            "5def",
            "3pwn",
            "5e00",
            "3pwj",
            "4i4w",
            "5meo",
            "3gsu",
            "3h7b",
            "6pte",
            "1t1z",
            "3gsv",
            "5ib3",
            "3mr9",
            "3gsr",
            "5ib4",
            "3ft3",
            "1t1y",
            "3gsx",
            "3gsq",
            "7kgo",
            "1t21",
            "1s8d",
            "1t20",
            "1t1x",
            "1t1w",
            "1of2",
            "5meq",
            "2x4r",
            "3mrh",
            "6ss7",
            "6ss9"
        ],
        "13": [
            "6y29",
            "3mrg",
            "2git",
            "1duz",
            "2av1",
            "2av7",
            "7lg3",
            "1hhk"
        ],
        "14": [
            "6d2t",
            "3fqw",
            "5vge"
        ],
        "15": [
            "3bp7",
            "5wmn",
            "3bp4",
            "6uli",
            "6jtp",
            "7nui",
            "7lg2"
        ],
        "16": [
            "7kgr",
            "3v5h",
            "3kla",
            "7mj9",
            "5hhp",
            "7mkb",
            "7mj6",
            "5wsh",
            "7n1a",
            "5hhq",
            "7n6d",
            "3v5k",
            "1b0g",
            "5f9j",
            "4l3c",
            "1i7t",
            "7re8",
            "6nca"
        ],
        "17": [
            "5mer",
            "7u21",
            "1t22",
            "3mrl",
            "5ib5",
            "7eu2"
        ],
        "18": [
            "2bvp",
            "3mrd",
            "1tvb",
            "3mrc",
            "1tvh",
            "3c9n",
            "3mri",
            "5eu4",
            "1q94",
            "1hhj",
            "3to2",
            "6z9w",
            "1i1f"
        ],
        "19": [
            "6pyj",
            "6pyv",
            "6pz5",
            "5eu5",
            "1s9w",
            "1s9y",
            "1s9x",
            "7n1b"
        ],
        "20": [
            "5nmh",
            "5nmk",
            "6opd",
            "5hhn",
            "4no5",
            "6ptb",
            "1i7r",
            "2bsr",
            "3i6l",
            "6ujq",
            "5mep"
        ],
        "21": [
            "5eo0",
            "3fqt",
            "5eo1",
            "7lfz",
            "5inc"
        ],
        "22": [
            "4qrs",
            "4qrt",
            "4qru",
            "3bxn",
            "4nny",
            "6xqa",
            "1cg9"
        ],
        "23": [
            "7r7w",
            "5wmq",
            "3skm",
            "3x13",
            "1m05",
            "3x14",
            "3bvn"
        ],
        "24": [
            "3czf",
            "1uxs",
            "4u1n",
            "4u1l",
            "4u1k",
            "1a9b"
        ],
        "25": [
            "6mtl",
            "4hx1",
            "3kpq",
            "3lv3",
            "1hhg"
        ],
        "26": [
            "3d25",
            "2v2x",
            "3ft4",
            "3v5d",
            "1hhi",
            "2xpg",
            "4i48"
        ],