{
    "clustering_positions": [
        1,
        2,
        3,
        4,
        5,
        6,
        7,
        8,
        9
    ],
    "cluster_count": 23,
    "noise_cluster_size": 214,
    "min_cluster_size": 3,
    "max_cluster_size": 11,
    "mean_cluster_size": 5.1,
    "max_rmsd": 0.7,
    "cluster_max_rmsds": [
        1.0177630700053255,
        0.17672106080864725,
        0.6315341109816086,
        0.8827387306936674,
        1.8607717037114797,
        1.206224550681452,
        1.0721047834361488,
        0.13410070842467323,
        0.6106035265756873,
        0.36779568603596946,
        0.21961253758988092,
        0.45080557523911025,
        1.0283010259646708,
        0.43281789858245584,
        0.706635455285584,
        0.17647096078391986,
        0.5453136712021811,
        0.3466102518199142,
        0.6410153404300647,
        0.46072442956718196,
        0.2308195543420585,
        0.37904573162966415,
        0.29545558041777287
    ],
    "noise_cluster_max_rmsd": 2.8547361816228594,
    "noise_cluster": [
        "1k5n",
        "3mre",
        "3czf",
        "6mt3",
        "3d25",
        "3mrg",
        "7kgq",
        "2bvp",
        "6mtl",
        "6joz",
        "4u1j",
        "6j2a",
        "4qrs",
        "3mrk",
        "4qrt",
        "3mrb",
        "6vb2",
        "1x7q",
        "7m8u",
        "7m8t",
        "6o4z",
        "7wkj",
        "6j1w",
        "7jyv",
        "5eu5",
        "7kgr",
        "5nmh",
        "7kgs",
        "5wmr",
        "6o4y",
        "4u1h",
        "2v2x",
        "2vll",
        "6v2q",
        "6j29",
        "5def",
        "3pwn",
        "2v2w",
        "3sko",
        "5wmo",
        "3kla",
        "3pwl",
        "7p3d",
        "5eo0",
        "4qrq",
        "5e00",
        "5txs",
        "5xos",
        "1n2r",
        "1syv",
        "3pwj",
        "3l3i",
        "7ejm",
        "5n6b",
        "1uxw",
        "5w6a",
        "3d18",
        "6vb1",
        "4u1s",
        "4i4w",
        "5meo",
        "1xr9",
        "4hx1",
        "3x12",
        "3bp7",
        "5vwf",
        "1i7u",
        "3skm",
        "5vwd",
        "5iek",
        "3bo8",
        "3l3d",
        "3gsw",
        "5wmn",
        "5deg",
        "4nt6",
        "3kpq",
        "5enw",
        "5eo1",
        "3bp4",
        "5fa3",
        "3bxn",
        "3mrj",
        "3c9n",
        "3h7b",
        "5mer",
        "3myj",
        "5vuf",
        "3rew",
        "3ft4",
        "6d2t",
        "6vb0",
        "7u21",
        "3kpp",
        "4nny",
        "1t1z",
        "7mkb",
        "7lfz",
        "5ib1",
        "4u1i",
        "3fqw",
        "3lv3",
        "3gsr",
        "7uc5",
        "3kpl",
        "7l1c",
        "4o2e",
        "3kpn",
        "4k7f",
        "6vb3",
        "7nui",
        "5vvp",
        "3upr",
        "4nqx",
        "5wsh",
        "3hpj",
        "6j1v",
        "1t1y",
        "3h9h",
        "7p3e",
        "3rl1",
        "3v5d",
        "5u98",
        "6z9v",
        "5hhn",
        "7l1b",
        "7rtd",
        "6uzp",
        "4no5",
        "5hhq",
        "2x4u",
        "1jge",
        "2bst",
        "7ejn",
        "1w0w",
        "6ssa",
        "5ind",
        "7kgo",
        "6ptb",
        "1t21",
        "6o9b",
        "1e27",
        "7mle",
        "1qew",
        "1t22",
        "1i1y",
        "1t20",
        "1t1x",
        "1i7r",
        "1s9w",
        "6ss8",
        "6ujo",
        "7nmd",
        "1eey",
        "5meq",
        "1w0v",
        "3kpo",
        "7lg0",
        "1xr8",
        "1a1m",
        "1a1o",
        "1s9y",
        "2x4o",
        "2bsr",
        "3mrf",
        "1eez",
        "7n6d",
        "7tlt",
        "5vgd",
        "6vr1",
        "6vr5",
        "2c7u",
        "4nqv",
        "4hwz",
        "3mrh",
        "1sys",
        "1q94",
        "7lg2",
        "3l3j",
        "6uzq",
        "1qr1",
        "3i6l",
        "3mrl",
        "6o9c",
        "5ib5",
        "5xs3",
        "1hhj",
        "1hhi",
        "6ss7",
        "1s9x",
        "3bvn",
        "6ujq",
        "2x4s",
        "3to2",
        "2xpg",
        "1hhg",
        "5vge",
        "4l3c",
        "1cg9",
        "1qqd",
        "6z9w",
        "5mep",
        "1i1f",
        "7eu2",
        "5w69",
        "4i48",
        "7n1b",
        "7re8",
        "7lgd",
        "7f4w",
        "7s8r",
        "4l29",
        "1a9b",
        "6nca"
    ],
    "outlier_scores": [],
    "clusters": {
        "1": [
            "7mja",
            "6xqa",
            "2bck",
            "7jyw"
        ],
        "2": [
            "6mt6",
            "6mt5",
            "6mt4"
        ],
        "3": [
            "2a83",
            "5ib2",
            "1uxs"
        ],
        "4": [
            "3mrd",
            "3mrc",
            "7lgt",
            "3mri",
            "1a9e",
            "5inc"
        ],
        "5": [
            "5wmq",
            "7r7y",
            "4qru",
            "3x13",
            "1m05",
            "3x14"
        ],
        "6": [
            "7kgp",
            "7r7v",
            "5vwh",
            "5vue",
            "5vwj",
            "5vud",
            "7r7x",
            "3x11",
            "2rfx"
        ],
        "7": [
            "7r7w",
            "4u1m",
            "4u1n",
            "6uli",
            "6jtp",
            "4u1l",
            "4u1k",
            "5im7"
        ],
        "8": [
            "6pyw",
            "6pyj",
            "6pyv",
            "6pz5"
        ],
        "9": [
            "7n1a",
            "7lg3",
            "1b0g",
            "1i7t"
        ],
        "10": [
            "6y26",
            "6y2a",
            "6y29",
            "6y2b",
            "6y27",
            "6y28",
            "1hsa"
        ],
        "11": [
            "2git",
            "1duz",
            "2av1",
            "2av7",
            "1hhk"
        ],
        "12": [
            "3qfd",
            "2gtz",
            "2guo",
            "1jht"
        ],
        "13": [
            "3lko",
            "3lkp",
            "3lkq",
            "3lks",
            "3lkr",
            "3lkn",
            "3l3k"
        ],
        "14": [
            "2cik",
            "6uzm",
            "6uzs",
            "2h6p",
            "6vb7",
            "6vb6",
            "6vb5",
            "6uzn",
            "6viu",
            "6vb4",
            "6uzo"
        ],
        "15": [
            "7tuc",
            "1m6o",
            "3kpm",
            "7ejl",
            "3l3g"
        ],
        "16": [
            "1ogt",
            "5ib3",
            "5ib4",
            "1of2"
        ],
        "17": [
            "1tvb",
            "3fqt",
            "1tvh",
            "5eu3",
            "5eu4"
        ],
        "18": [
            "7sa2",
            "3ixa",
            "6ss9"
        ],
        "19": [
            "5nmk",
            "7mj9",
            "6opd",
            "7mj6",
            "5f9j"
        ],
        "20": [
            "3v5h",
            "5hhp",
            "3v5k"
        ],
        "21": [
            "3gso",
            "3gsu",
            "3gsv",
            "3mr9"
        ],
        "22": [
            "6q3k",
            "3ft3",
            "3gsx",
            "3gsq"
        ],
        "23": [
            "6pte",
            "1s8d",
            "1t1w",
            "2x4r"
        ]
    }
}