{
    "clustering_positions": [
        5,
        6,
        7
    ],
    "cluster_count": 33,
    "noise_cluster_size": 134,
    "min_cluster_size": 3,
    "max_cluster_size": 16,
    "mean_cluster_size": 6.0,
    "max_rmsd": 0.81,
    "cluster_max_rmsds": [
        0.7267631434426662,
        1.411871216978847,
        1.4115139626183923,
        1.1882001795432693,
        0.8904674802222333,
        0.8457858278941915,
        0.5695029996994531,
        1.2000806917314655,
        1.3257679535524594,
        0.743052039451698,
        0.7828822814872393,
        0.2329327513825928,
        0.3354280846917849,
        0.7245196109607145,
        0.5550951870325233,
        0.6687226629926633,
        0.46190836031980476,
        0.6349879263944043,
        0.6648380755241613,
        0.6595768845757617,
        0.6724462803823082,
        0.9424936781397147,
        0.9303742974380448,
        0.5619685637708428,
        0.5645694524738871,
        0.780067091131692,
        0.6550267170123668,
        0.38614461884981033,
        0.47237732093458396,
        0.6918547535429674,
        0.8082986246843867,
        0.4757769085050949,
        0.7230696139837955
    ],
    "noise_cluster_max_rmsd": 2.8547361816228594,
    "noise_cluster": [
        "1k5n",
        "3mre",
        "7r7w",
        "3czf",
        "6mt3",
        "6y29",
        "3d25",
        "3mrg",
        "7kgq",
        "6joz",
        "6j2a",
        "4qrs",
        "2a83",
        "4qrt",
        "3mrb",
        "6vb2",
        "1x7q",
        "6o4z",
        "7wkj",
        "6j1w",
        "5eu5",
        "5nmh",
        "7kgs",
        "6o4y",
        "4u1h",
        "2vll",
        "6v2q",
        "6j29",
        "3pwn",
        "2v2w",
        "5wmo",
        "3pwl",
        "5nmk",
        "7p3d",
        "5eo0",
        "5e00",
        "5txs",
        "1n2r",
        "3pwj",
        "3l3i",
        "7ejm",
        "1uxw",
        "5w6a",
        "3d18",
        "2cik",
        "4u1s",
        "4hx1",
        "3x12",
        "5vue",
        "3bp7",
        "5vwf",
        "1i7u",
        "5vwd",
        "5iek",
        "3l3d",
        "3x13",
        "3gsw",
        "5wmn",
        "3kpq",
        "5enw",
        "3bp4",
        "5fa3",
        "3bxn",
        "3c9n",
        "3myj",
        "5vuf",
        "3rew",
        "3ft4",
        "5hhp",
        "6d2t",
        "6vb0",
        "6uzs",
        "3kpp",
        "4nny",
        "1t1z",
        "5ib1",
        "4u1i",
        "3fqw",
        "3lv3",
        "3gsr",
        "7mj6",
        "3kpl",
        "7l1c",
        "7lgt",
        "4o2e",
        "3kpn",
        "3lkr",
        "6vb3",
        "5vvp",
        "3hpj",
        "3h9h",
        "3lkn",
        "3v5d",
        "5u98",
        "7l1b",
        "4u1l",
        "2bst",
        "7ejn",
        "7kgo",
        "6xqa",
        "6o9b",
        "1e27",
        "7mle",
        "1t1x",
        "7nmd",
        "1eey",
        "1w0v",
        "7lg0",
        "1xr8",
        "1a1m",
        "2x4o",
        "1eez",
        "7tlt",
        "5vgd",
        "6vr1",
        "6vr5",
        "2c7u",
        "4hwz",
        "6uzq",
        "1qr1",
        "3i6l",
        "3mrl",
        "6o9c",
        "5xs3",
        "1hhi",
        "5im7",
        "6ujq",
        "2x4s",
        "1qqd",
        "2bck",
        "5w69",
        "7n1b",
        "7s8r",
        "1a9b"
    ],
    "outlier_scores": [],
    "clusters": {
        "1": [
            "3upr",
            "6ujo",
            "1hhg",
            "4i48"
        ],
        "2": [
            "6mt6",
            "6mt5",
            "6mt4",
            "7r7y",
            "4qru",
            "3skm",
            "3x14",
            "5ind"
        ],
        "3": [
            "2bvp",
            "7kgp",
            "7jyv",
            "7r7v",
            "5vwh",
            "5vwj",
            "5vud",
            "7r7x",
            "1w0w",
            "3x11",
            "1a1o",
            "1sys",
            "2rfx",
            "3to2",
            "6z9w",
            "7f4w"
        ],
        "4": [
            "3sko",
            "7mja",
            "3mrd",
            "3mrc",
            "3mri",
            "1a9e",
            "5inc"
        ],
        "5": [
            "7m8t",
            "3bo8",
            "6z9v"
        ],
        "6": [
            "4nqx",
            "6j1v",
            "4nqv"
        ],
        "7": [
            "4i4w",
            "5meo",
            "5mep"
        ],
        "8": [
            "5ib2",
            "2v2x",
            "7lfz",
            "7lg2",
            "1cg9"
        ],
        "9": [
            "4u1m",
            "4u1n",
            "1xr9",
            "6uli",
            "6jtp",
            "4u1k",
            "5vge"
        ],
        "10": [
            "5wmr",
            "4qrq",
            "7jyw"
        ],
        "11": [
            "5wmq",
            "1uxs",
            "1m05",
            "7nui",
            "3bvn"
        ],
        "12": [
            "6viu",
            "6vb4",
            "6uzo"
        ],
        "13": [
            "6uzm",
            "2h6p",
            "6uzp",
            "6vb7",
            "6vb6",
            "6vb5",
            "6uzn"
        ],
        "14": [
            "3qfd",
            "2gtz",
            "5n6b",
            "2guo",
            "6ssa",
            "1jht",
            "6ss8",
            "1q94",
            "6ss7"
        ],
        "15": [
            "6mtl",
            "3mrj",
            "2xpg"
        ],
        "16": [
            "5mer",
            "5eu3",
            "4l29"
        ],
        "17": [
            "1tvb",
            "3fqt",
            "1tvh",
            "5eu4"
        ],
        "18": [
            "6y2b",
            "2git",
            "1duz",
            "2av1",
            "2av7",
            "1hhk"
        ],
        "19": [
            "3kla",
            "1s9w",
            "1s9y",
            "3l3j",
            "1s9x"
        ],
        "20": [
            "7mj9",
            "5f9j",
            "4l3c"
        ],
        "21": [
            "4u1j",
            "6vb1",
            "5eo1",
            "2x4u",
            "1i1y",
            "1i1f"
        ],
        "22": [
            "7m8u",
            "3lko",
            "3lkp",
            "3lkq",
            "4nt6",
            "3lks"
        ],
        "23": [
            "7kgr",
            "5xos",
            "1hhj"
        ],
        "24": [
            "6q3k",
            "3gso",
            "3gsu",
            "7u21",
            "3gsv",
            "3mr9",
            "3ft3",
            "3gsx",
            "3gsq",
            "1t22",
            "5meq",
            "3kpo"
        ],
        "25": [
            "5wsh",
            "3rl1",
            "6ptb",
            "3mrf"
        ],
        "26": [
            "1m6o",
            "7ejl",
            "6pte",
            "3l3g",
            "1s8d",
            "1t1w",
            "2x4r"
        ],
        "27": [
            "7p3e",
            "7n1a",
            "2bsr",
            "7n6d"
        ],
        "28": [
            "3v5h",
            "6opd",
            "7mkb",
            "7uc5",
            "5hhn",
            "7rtd",
            "5hhq",
            "3v5k",
            "7re8"
        ],
        "29": [
            "6y26",
            "6y2a",
            "6y27",
            "6pyj",
            "6y28",
            "7lg3"
        ],
        "30": [
            "1ogt",
            "5def",
            "5deg",
            "5ib3",
            "5ib4",
            "1of2"
        ],
        "31": [
            "6pyw",
            "6pyv",
            "6pz5",
            "1hsa",
            "4no5",
            "1jge",
            "1qew",
            "1i7r",
            "1b0g",
            "1i7t",
            "7lgd",
            "6nca"
        ],
        "32": [
            "3mrk",
            "7sa2",
            "3ixa",
            "6ss9"
        ],