{
    "clustering_positions": [
        4,
        5,
        6
    ],
    "cluster_count": 34,
    "noise_cluster_size": 109,
    "min_cluster_size": 3,
    "max_cluster_size": 32,
    "mean_cluster_size": 6.6,
    "max_rmsd": 0.78,
    "cluster_max_rmsds": [
        1.4522810793139649,
        0.8081885093631702,
        0.68875346339117,
        0.4325355476720923,
        0.8151942508793032,
        0.5453136712021811,
        0.49933923004974035,
        0.45080557523911025,
        1.1604052453058529,
        1.1860942907992864,
        0.35067268689382375,
        0.38174598884598715,
        1.1766412650704807,
        0.3221811084881699,
        0.4602075618674705,
        0.5435466861273252,
        0.46435977431297903,
        0.45949755168009526,
        1.161813811818976,
        0.6977234409133748,
        0.7166740309699132,
        0.7135315923863076,
        1.4905625336317376,
        0.6918547535429674,
        0.9286168926599058,
        0.8439338441686858,
        0.5378928022075274,
        0.934564426172252,
        0.7253231463745416,
        0.7302538371461413,
        0.11318127053537158,
        0.63432930459396,
        0.5285426504392384,
        0.7971074791603296
    ],
    "noise_cluster_max_rmsd": 2.7016486941618947,
    "noise_cluster": [
        "3mre",
        "4u1m",
        "6y29",
        "3mrg",
        "6mt6",
        "7kgq",
        "2bvp",
        "6j2a",
        "3mrb",
        "1x7q",
        "7m8u",
        "7m8t",
        "7wkj",
        "6j1w",
        "7jyv",
        "6mt5",
        "6mt4",
        "7kgs",
        "4u1h",
        "2v2x",
        "6v2q",
        "2v2w",
        "3sko",
        "5wmo",
        "3kla",
        "7p3d",
        "5txs",
        "7ejm",
        "5n6b",
        "5w6a",
        "3d18",
        "2cik",
        "4u1s",
        "1xr9",
        "4hx1",
        "3x12",
        "3bp7",
        "3lko",
        "5vwf",
        "5iek",
        "3bo8",
        "3l3d",
        "3lkq",
        "3gsw",
        "5wmn",
        "5enw",
        "3bp4",
        "3bxn",
        "5vuf",
        "3rew",
        "2h6p",
        "3fqw",
        "3gsr",
        "7l1c",
        "4o2e",
        "4k7f",
        "6vb3",
        "5vvp",
        "4nqx",
        "3x14",
        "5wsh",
        "6j1v",
        "3h9h",
        "7p3e",
        "5vud",
        "3v5d",
        "5u98",
        "6z9v",
        "7l1b",
        "4u1l",
        "1hsa",
        "1jge",
        "2bst",
        "7ejn",
        "1w0w",
        "6ssa",
        "3x11",
        "6o9b",
        "1qew",
        "6ss8",
        "6ujo",
        "1eey",
        "1w0v",
        "1xr8",
        "1a1m",
        "1a1o",
        "7n6d",
        "7tlt",
        "5vgd",
        "6vr1",
        "6vr5",
        "2c7u",
        "4hwz",
        "1q94",
        "7lg2",
        "3l3j",
        "1qr1",
        "6o9c",
        "5xs3",
        "6ss7",
        "5im7",
        "2x4s",
        "1hhg",
        "5vge",
        "3l3k",
        "1qqd",
        "4i48",
        "7s8r",
        "6nca"
    ],
    "outlier_scores": [],
    "clusters": {
        "1": [
            "3czf",
            "6mt3",
            "4qrs",
            "5wmq",
            "2a83",
            "4qrt",
            "5ib2",
            "1uxs",
            "5wmr",
            "7mja",
            "4qrq",
            "3mrd",
            "3mrc",
            "3x13",
            "1m05",
            "6d2t",
            "3kpp",
            "4nny",
            "5ib1",
            "3kpl",
            "7lgt",
            "3kpn",
            "7nui",
            "3mri",
            "6xqa",
            "1e27",
            "1a9e",
            "3bvn",
            "1cg9",
            "2bck",
            "7jyw",
            "1a9b"
        ],
        "2": [
            "7lfz",
            "3upr",
            "5inc"
        ],
        "3": [
            "7r7w",
            "7r7y",
            "4qru",
            "3skm",
            "5ind"
        ],
        "4": [
            "4u1j",
            "6vb2",
            "5eo0",
            "5xos",
            "6vb1",
            "5eo1",
            "6vb0"
        ],
        "5": [
            "4u1n",
            "6uli",
            "6jtp",
            "4u1k",
            "6uzq"
        ],
        "6": [
            "1tvb",
            "3fqt",
            "1tvh",
            "5eu3",
            "5eu4"
        ],
        "7": [
            "6j29",
            "5vwd",
            "3myj",
            "3hpj",
            "4nqv"
        ],
        "8": [
            "3qfd",
            "2gtz",
            "2guo",
            "1jht"
        ],
        "9": [
            "7kgp",
            "7r7v",
            "5vwh",
            "2rfx"
        ],
        "10": [
            "5vue",
            "5vwj",
            "7r7x",
            "1sys",
            "3to2",
            "6z9w",
            "7f4w"
        ],
        "11": [
            "3c9n",
            "6viu",
            "6vb4"
        ],
        "12": [
            "6uzm",
            "6uzs",
            "6uzp",
            "6vb7",
            "6vb6",
            "6vb5",
            "6uzn",
            "6uzo"
        ],
        "13": [
            "4i4w",
            "5meo",
            "3i6l",
            "6ujq",
            "5mep"
        ],
        "14": [
            "2x4u",
            "1i1y",
            "1hhj",
            "1i1f"
        ],
        "15": [
            "5e00",
            "1s9w",
            "1s9y",
            "1s9x",
            "4l29"
        ],
        "16": [
            "7sa2",
            "7ejl",
            "3rl1",
            "3ixa"
        ],
        "17": [
            "7tuc",
            "1m6o",
            "3kpm",
            "1n2r",
            "1syv",
            "3l3i",
            "3l3g"
        ],
        "18": [
            "3pwn",
            "3pwl",
            "3pwj",
            "1duz",
            "1i7r",
            "2bsr"
        ],
        "19": [
            "6mtl",
            "6pyw",
            "6pyj",
            "6pyv",
            "6pz5",
            "4nt6",
            "3kpq",
            "3mrj",
            "3lv3",
            "7lg0",
            "7n1b",
            "7lgd"
        ],
        "20": [
            "5nmh",
            "6pte",
            "6ptb",
            "1s8d",
            "1t1w",
            "2x4r",
            "3mrf"
        ],
        "21": [
            "7mj9",
            "5mer",
            "7u21",
            "7mj6",
            "1t22",
            "5f9j",
            "4l3c"
        ],
        "22": [
            "7kgr",
            "5hhp",
            "7mle",
            "3mrl"
        ],
        "23": [
            "2vll",
            "1hhi",
            "5w69"
        ],
        "24": [
            "1ogt",
            "5def",
            "5deg",
            "5ib3",
            "5ib4",
            "1of2"
        ],
        "25": [
            "3d25",
            "6o4z",
            "5eu5",
            "6o4y",
            "1t1z",
            "7kgo",
            "7nmd"
        ],
        "26": [
            "6joz",
            "3lkp",
            "3lks"
        ],
        "27": [
            "3mrk",
            "1t21",
            "6ss9"
        ],
        "28": [
            "1k5n",
            "4u1i",
            "3lkr",
            "3lkn"
        ],
        "29": [
            "1uxw",
            "7n1a",
            "1b0g",
            "1i7t"
        ],
        "30": [
            "3v5h",
            "1i7u",
            "7mkb",
            "7uc5",
            "7rtd",
            "5hhq",
            "1eez",
            "3v5k",
            "5ib5",
            "2xpg",
            "7eu2",
            "7re8"
        ],
        "31": [
            "6y26",
            "6y2a",
            "6y2b",
            "6y27",
            "6y28"
        ],
        "32": [
            "2git",
            "2av1",
            "2av7",
            "4no5",
            "2x4o",
            "7lg3",
            "1hhk"
        ],