{
    "clustering_positions": [
        4,
        5,
        6,
        7
    ],
    "cluster_count": 30,
    "noise_cluster_size": 155,
    "min_cluster_size": 3,
    "max_cluster_size": 13,
    "mean_cluster_size": 5.9,
    "max_rmsd": 0.68,
    "cluster_max_rmsds": [
        0.17672106080864725,
        0.6565772358730276,
        1.0817414971547805,
        1.1766412650704807,
        0.772629708635816,
        0.9997573038826283,
        0.7273971863202842,
        0.3221811084881699,
        0.874890659835077,
        0.5983468893543288,
        0.43281789858245584,
        0.7245196109607145,
        0.1866797614454564,
        0.21961253758988092,
        0.9424936781397147,
        0.11318127053537158,
        0.5277922571113203,
        0.5776146350869799,
        0.6500374348194599,
        1.061746046221349,
        0.5619685637708428,
        0.381250573770061,
        0.5443757893220462,
        0.8635293857188635,
        0.38614461884981033,
        0.5378928022075274,
        0.5782877023304781,
        0.29545558041777287,
        0.6918547535429674,
        0.47501614007666426
    ],
    "noise_cluster_max_rmsd": 2.8547361816228594,
    "noise_cluster": [
        "1k5n",
        "3mre",
        "7r7w",
        "4u1m",
        "3czf",
        "6mt3",
        "3mrg",
        "2bvp",
        "6mtl",
        "6joz",
        "6j2a",
        "7kgp",
        "2a83",
        "5ib2",
        "6pyj",
        "1x7q",
        "7m8t",
        "7wkj",
        "6j1w",
        "7jyv",
        "5eu5",
        "1uxs",
        "5nmh",
        "7kgs",
        "4u1h",
        "2v2x",
        "2vll",
        "6v2q",
        "6j29",
        "3pwn",
        "2v2w",
        "3sko",
        "5wmo",
        "3kla",
        "3pwl",
        "7p3d",
        "5txs",
        "3mrd",
        "3l3i",
        "7ejm",
        "5n6b",
        "1uxw",
        "5w6a",
        "3d18",
        "4u1s",
        "6opd",
        "1xr9",
        "4hx1",
        "3x12",
        "5vue",
        "3bp7",
        "5vwf",
        "1i7u",
        "5vwd",
        "5iek",
        "3bo8",
        "3l3d",
        "3x13",
        "3gsw",
        "5wmn",
        "4nt6",
        "3kpq",
        "5enw",
        "3bp4",
        "5fa3",
        "3bxn",
        "3mrj",
        "3myj",
        "5vuf",
        "3rew",
        "6d2t",
        "3kpp",
        "4nny",
        "6jtp",
        "7lfz",
        "5ib1",
        "4u1i",
        "3fqw",
        "3lv3",
        "3kpl",
        "7l1c",
        "7lgt",
        "4o2e",
        "3kpn",
        "4k7f",
        "7nui",
        "5vvp",
        "3upr",
        "4nqx",
        "3x14",
        "5wsh",
        "3hpj",
        "6j1v",
        "3h9h",
        "7p3e",
        "3lkn",
        "3rl1",
        "3v5d",
        "5u98",
        "6z9v",
        "5hhn",
        "7l1b",
        "1hsa",
        "3mri",
        "4no5",
        "1jge",
        "2bst",
        "7ejn",
        "1w0w",
        "6xqa",
        "6o9b",
        "1e27",
        "7mle",
        "1qew",
        "6ujo",
        "7nmd",
        "1eey",
        "1w0v",
        "7lg0",
        "1xr8",
        "1a1m",
        "1a1o",
        "2x4o",
        "3mrf",
        "1eez",
        "7n6d",
        "7tlt",
        "5vgd",
        "6vr1",
        "6vr5",
        "2c7u",
        "4nqv",
        "4hwz",
        "7lg2",
        "3l3j",
        "6uzq",
        "1qr1",
        "6o9c",
        "5xs3",
        "1hhi",
        "5im7",
        "2x4s",
        "3to2",
        "2xpg",
        "1hhg",
        "5vge",
        "3l3k",
        "1qqd",
        "6z9w",
        "2bck",
        "5w69",
        "7f4w",
        "7s8r",
        "1a9b",
        "6nca"
    ],
    "outlier_scores": [],
    "clusters": {
        "1": [
            "6mt6",
            "6mt5",
            "6mt4"
        ],
        "2": [
            "7r7y",
            "4qru",
            "3skm",
            "5ind"
        ],
        "3": [
            "7r7v",
            "5vwh",
            "5vwj",
            "5vud",
            "7r7x",
            "3x11",
            "1sys",
            "2rfx"
        ],
        "4": [
            "4i4w",
            "5meo",
            "3i6l",
            "6ujq",
            "5mep",
            "4i48"
        ],
        "5": [
            "4qrs",
            "4qrt",
            "1cg9"
        ],
        "6": [
            "5wmq",
            "5wmr",
            "7mja",
            "4qrq",
            "3mrc",
            "1m05",
            "1a9e",
            "3bvn",
            "5inc",
            "7jyw"
        ],
        "7": [
            "7kgq",
            "4u1j",
            "6vb2",
            "5eo0",
            "5xos",
            "6vb1",
            "5eo1",
            "6vb0"
        ],
        "8": [
            "2x4u",
            "1i1y",
            "1hhj",
            "1i1f"
        ],
        "9": [
            "4u1n",
            "6uli",
            "6vb3",
            "4u1l",
            "4u1k"
        ],
        "10": [
            "1tvb",
            "3fqt",
            "1tvh",
            "3c9n",
            "5eu3",
            "5eu4"
        ],
        "11": [
            "2cik",
            "6uzm",
            "6uzs",
            "2h6p",
            "6uzp",
            "6vb7",
            "6vb6",
            "6vb5",
            "6uzn",
            "6viu",
            "6vb4",
            "6uzo"
        ],
        "12": [
            "3qfd",
            "2gtz",
            "2guo",
            "1jht",
            "1q94"
        ],
        "13": [
            "6ssa",
            "6ss8",
            "6ss7"
        ],
        "14": [
            "2git",
            "2av1",
            "2av7",
            "1hhk"
        ],
        "15": [
            "7m8u",
            "3lko",
            "3lkp",
            "3lkq",
            "3lks",
            "3lkr"
        ],
        "16": [
            "6y26",
            "6y2a",
            "6y2b",
            "6y27",
            "6y28"
        ],
        "17": [
            "6y29",
            "1duz",
            "7lg3"
        ],
        "18": [
            "7sa2",
            "7ejl",
            "3ixa",
            "3l3g"
        ],
        "19": [
            "3mrb",
            "5e00",
            "3gsr",
            "1s9w",
            "1s9y",
            "1s9x",
            "4l29"
        ],
        "20": [
            "6pyw",
            "6pyv",
            "6pz5",
            "3kpm",
            "1n2r",
            "3pwj",
            "7n1a",
            "1i7r",
            "2bsr",
            "1b0g",
            "1i7t",
            "7n1b",
            "7lgd"
        ],
        "21": [
            "6q3k",
            "3gso",
            "5nmk",
            "3gsu",
            "3ft4",
            "3gsv",
            "3mr9",
            "3ft3",
            "3gsx",
            "3gsq",
            "1t1x",
            "5meq",
            "3kpo"
        ],
        "22": [
            "7tuc",
            "1m6o",
            "1syv"
        ],
        "23": [
            "3d25",
            "6o4z",
            "6o4y",
            "1t1z",
            "7kgo"
        ],
        "24": [
            "7kgr",
            "7mj9",
            "5mer",
            "5hhp",
            "7u21",
            "7mj6",
            "1t22",
            "5f9j",
            "4l3c"
        ],
        "25": [
            "3v5h",
            "7mkb",
            "7uc5",
            "7rtd",
            "5hhq",
            "3v5k",
            "7re8"
        ],
        "26": [
            "3mrk",
            "1t21",
            "6ss9"
        ],
        "27": [
            "3mrl",
            "5ib5",
            "7eu2"
        ],
        "28": [
            "6pte",
            "6ptb",
            "1s8d",
            "1t1w",
            "2x4r"
        ],
        "29": [
            "1ogt",
            "5def",
            "5deg",
            "5ib3",
            "5ib4",
            "1of2"
        ],