{
    "clustering_positions": [
        5,
        6
    ],
    "cluster_count": 9,
    "noise_cluster_size": 166,
    "min_cluster_size": 10,
    "max_cluster_size": 46,
    "mean_cluster_size": 18.4,
    "max_rmsd": 1.25,
    "cluster_max_rmsds": [
        1.4023653827254376,
        1.3487748761993807,
        1.1503881953497264,
        0.6669207849012742,
        0.7439558678667223,
        0.7651143705355438,
        0.8636604270969785,
        1.08232250276893,
        1.0296648321986461
    ],
    "noise_cluster_max_rmsd": 3.451243061082,
    "noise_cluster": [
        "7r7w",
        "3czf",
        "6mt3",
        "3mrg",
        "6mt6",
        "7kgq",
        "2bvp",
        "6joz",
        "6j2a",
        "4qrs",
        "5wmq",
        "2a83",
        "4qrt",
        "6vb2",
        "1x7q",
        "7m8t",
        "7wkj",
        "6j1w",
        "7jyv",
        "6mt5",
        "6mt4",
        "7kgs",
        "5wmr",
        "6o4y",
        "4u1h",
        "2v2x",
        "6v2q",
        "6j29",
        "7r7y",
        "2v2w",
        "4qru",
        "3sko",
        "5wmo",
        "3pwl",
        "7p3d",
        "3qfd",
        "7mja",
        "5eo0",
        "4qrq",
        "2gtz",
        "5e00",
        "5txs",
        "5xos",
        "2git",
        "1n2r",
        "3mrd",
        "3l3i",
        "5n6b",
        "5w6a",
        "3d18",
        "4i4w",
        "5meo",
        "1xr9",
        "4hx1",
        "1tvb",
        "3x12",
        "3fqt",
        "3bp7",
        "5vwf",
        "3skm",
        "3lkp",
        "5vwd",
        "5iek",
        "3bo8",
        "3l3d",
        "3mrc",
        "1tvh",
        "3lkq",
        "3x13",
        "5enw",
        "5eo1",
        "3bp4",
        "3bxn",
        "6uli",
        "3myj",
        "5vuf",
        "1m05",
        "2guo",
        "6vb0",
        "3lks",
        "6uzs",
        "3kpp",
        "4nny",
        "6jtp",
        "7lfz",
        "5ib1",
        "4u1i",
        "3fqw",
        "2av1",
        "3kpl",
        "7l1c",
        "7lgt",
        "4o2e",
        "3kpn",
        "3lkr",
        "7nui",
        "5vvp",
        "3upr",
        "4nqx",
        "3x14",
        "5wsh",
        "3hpj",
        "6j1v",
        "3lkn",
        "5u98",
        "6z9v",
        "7l1b",
        "2av7",
        "4u1l",
        "4u1k",
        "3mri",
        "2bst",
        "7ejn",
        "1w0w",
        "6ssa",
        "5eu4",
        "5ind",
        "1jht",
        "6xqa",
        "6o9b",
        "1e27",
        "1qew",
        "1s9w",
        "6ss8",
        "6ujo",
        "1w0v",
        "1xr8",
        "1a1m",
        "1a1o",
        "1s9y",
        "7tlt",
        "5vgd",
        "6vr1",
        "6vr5",
        "2c7u",
        "4nqv",
        "4hwz",
        "1q94",
        "7lg2",
        "3l3j",
        "6uzq",
        "1qr1",
        "3i6l",
        "6o9c",
        "1a9e",
        "5xs3",
        "1hhk",
        "6ss7",
        "1s9x",
        "5f9j",
        "3bvn",
        "6ujq",
        "3to2",
        "1hhg",
        "5vge",
        "1cg9",
        "1qqd",
        "5mep",
        "2bck",
        "4i48",
        "5inc",
        "7jyw",
        "7f4w",
        "7s8r",
        "4l29",
        "1a9b"
    ],
    "outlier_scores": [],
    "clusters": {
        "1": [
            "4u1m",
            "5ib2",
            "1uxs",
            "2cik",
            "4u1s",
            "4u1n",
            "6uzm",
            "5wmn",
            "3c9n",
            "6d2t",
            "2h6p",
            "6vb3",
            "6uzp",
            "6vb7",
            "6vb6",
            "6vb5",
            "6uzn",
            "6viu",
            "6vb4",
            "6uzo",
            "5im7"
        ],
        "2": [
            "3mre",
            "7kgp",
            "7r7v",
            "5vwh",
            "5vue",
            "5vwj",
            "5vud",
            "3v5d",
            "7r7x",
            "3x11",
            "1sys",
            "2rfx",
            "6z9w"
        ],
        "3": [
            "1k5n",
            "6pyw",
            "6pyv",
            "7m8u",
            "6pz5",
            "3lko",
            "4nt6",
            "3rew",
            "1jge",
            "1i7r",
            "1b0g",
            "1hhi",
            "2x4s",
            "1i7t",
            "5w69",
            "7n1b",
            "7lgd"
        ],
        "4": [
            "6y26",
            "6y2a",
            "6y29",
            "6y2b",
            "6y27",
            "6pyj",
            "6y28",
            "1hsa",
            "4no5",
            "2x4o",
            "7lg3",
            "6nca"
        ],
        "5": [
            "2vll",
            "3pwn",
            "3pwj",
            "1uxw",
            "1duz",
            "3lv3",
            "7p3e",
            "7n1a",
            "2bsr",
            "7n6d"
        ],
        "6": [
            "5nmh",
            "1m6o",
            "7ejm",
            "7ejl",
            "6pte",
            "3rl1",
            "3l3g",
            "6ptb",
            "1s8d",
            "1t1w",
            "2x4r",
            "3mrf",
            "1eez"
        ],
        "7": [
            "3mrb",
            "6q3k",
            "3gso",
            "3kla",
            "5nmk",
            "7mj9",
            "3gsu",
            "3gsw",
            "5fa3",
            "5mer",
            "3ft4",
            "7u21",
            "3gsv",
            "3mr9",
            "3gsr",
            "7mj6",
            "3ft3",
            "5eu3",
            "3gsx",
            "3gsq",
            "1t22",
            "5meq",
            "3kpo",
            "4l3c"
        ],
        "8": [
            "3d25",
            "3mrk",
            "6o4z",
            "5eu5",
            "7sa2",
            "1t1z",
            "3ixa",
            "7kgo",
            "7nmd",
            "6ss9"
        ],
        "9": [
            "7tuc",
            "6mtl",
            "4u1j",
            "1ogt",
            "7kgr",
            "3kpm",
            "5def",
            "3v5h",
            "1syv",
            "6vb1",
            "6opd",
            "1i7u",
            "5deg",
            "3kpq",
            "3mrj",
            "3h7b",
            "5hhp",
            "7mkb",
            "5ib3",
            "5ib4",
            "7uc5",
            "4k7f",
            "1t1y",
            "3h9h",
            "5hhn",
            "7rtd",
            "5hhq",
            "2x4u",
            "1t21",
            "7mle",
            "1i1y",
            "1t20",
            "1t1x",
            "1of2",
            "1eey",
            "7lg0",
            "3v5k",
            "3mrh",
            "3mrl",
            "5ib5",
            "1hhj",
            "2xpg",
            "3l3k",
            "1i1f",
            "7eu2",
            "7re8"
        ]
    }
}