{
    "clustering_positions": [
        4,
        5
    ],
    "cluster_count": 10,
    "noise_cluster_size": 132,
    "min_cluster_size": 10,
    "max_cluster_size": 39,
    "mean_cluster_size": 20.0,
    "max_rmsd": 1.65,
    "cluster_max_rmsds": [
        2.0297258435562235,
        2.6684471139597266,
        1.490059282936984,
        0.8763055022840678,
        2.3396900791914015,
        1.2029434733186775,
        1.0052744235613833,
        1.1629855258485917,
        0.7302538371461413,
        1.787019679055975
    ],
    "noise_cluster_max_rmsd": 2.863924405426929,
    "noise_cluster": [
        "3mre",
        "6mt3",
        "3d25",
        "7kgq",
        "2bvp",
        "4u1j",
        "3mrk",
        "3mrb",
        "6vb2",
        "1x7q",
        "6o4z",
        "7wkj",
        "6j1w",
        "5eu5",
        "6mt5",
        "7kgs",
        "5wmr",
        "6o4y",
        "4u1h",
        "2v2x",
        "3pwn",
        "2v2w",
        "3sko",
        "5wmo",
        "3kla",
        "3pwl",
        "7p3d",
        "3qfd",
        "5eo0",
        "2gtz",
        "5e00",
        "5xos",
        "2git",
        "1n2r",
        "1syv",
        "3pwj",
        "7ejm",
        "1uxw",
        "5w6a",
        "3d18",
        "7mj9",
        "6vb1",
        "4i4w",
        "5meo",
        "1xr9",
        "4hx1",
        "3x12",
        "3fqt",
        "3bp7",
        "5vwf",
        "5iek",
        "3bo8",
        "3l3d",
        "1duz",
        "3x13",
        "3gsw",
        "5enw",
        "5eo1",
        "3bp4",
        "3bxn",
        "6uli",
        "5mer",
        "3myj",
        "5vuf",
        "2guo",
        "6vb0",
        "3kpp",
        "1t1z",
        "7lfz",
        "3fqw",
        "3lv3",
        "3gsr",
        "2av1",
        "3kpl",
        "7l1c",
        "3kpn",
        "3upr",
        "4nqx",
        "3x14",
        "6j1v",
        "3h9h",
        "7p3e",
        "5vud",
        "3v5d",
        "6z9v",
        "2av7",
        "4u1k",
        "4no5",
        "2x4u",
        "2bst",
        "7kgo",
        "3x11",
        "1jht",
        "1t21",
        "6o9b",
        "1e27",
        "1qew",
        "1i1y",
        "1s9w",
        "6ujo",
        "7nmd",
        "1eey",
        "1s9y",
        "2bsr",
        "7tlt",
        "5vgd",
        "6vr1",
        "6vr5",
        "2c7u",
        "4nqv",
        "4hwz",
        "1sys",
        "1q94",
        "1qr1",
        "3i6l",
        "6o9c",
        "1hhk",
        "1hhj",
        "6ss7",
        "1s9x",
        "6ujq",
        "1hhg",
        "5vge",
        "4l3c",
        "6ss9",
        "1qqd",
        "5mep",
        "1i1f",
        "2bck",
        "4i48",
        "4l29",
        "6nca"
    ],
    "outlier_scores": [],
    "clusters": {
        "1": [
            "7r7w",
            "4u1m",
            "3czf",
            "6mt6",
            "4qrs",
            "5wmq",
            "2a83",
            "4qrt",
            "5ib2",
            "6mt4",
            "1uxs",
            "6v2q",
            "7r7y",
            "4qru",
            "7mja",
            "4qrq",
            "3mrd",
            "4u1s",
            "4u1n",
            "3skm",
            "3mrc",
            "1m05",
            "6d2t",
            "4nny",
            "5ib1",
            "7lgt",
            "7nui",
            "4u1l",
            "3mri",
            "5ind",
            "6xqa",
            "7lg2",
            "1a9e",
            "5im7",
            "3bvn",
            "1cg9",
            "5inc",
            "7jyw",
            "1a9b"
        ],
        "2": [
            "6j2a",
            "6j29",
            "5txs",
            "2cik",
            "1tvb",
            "6uzm",
            "5vwd",
            "1tvh",
            "5wmn",
            "3c9n",
            "6uzs",
            "6jtp",
            "2h6p",
            "5eu3",
            "6vb3",
            "3hpj",
            "6uzp",
            "6vb7",
            "5eu4",
            "6vb6",
            "6vb5",
            "6uzn",
            "6viu",
            "6vb4",
            "6uzo",
            "3l3j",
            "6uzq"
        ],
        "3": [
            "7kgp",
            "7m8u",
            "7jyv",
            "7r7v",
            "5vwh",
            "5n6b",
            "5vue",
            "3lko",
            "3lkp",
            "3lkq",
            "7sa2",
            "4o2e",
            "5vwj",
            "5vvp",
            "3ixa",
            "7r7x",
            "7ejn",
            "6ssa",
            "6ss8",
            "1a1m",
            "1a1o",
            "2rfx",
            "3to2",
            "6z9w",
            "7f4w"
        ],
        "4": [
            "7tuc",
            "6pyw",
            "1m6o",
            "3kpm",
            "3l3i",
            "4nt6",
            "5u98",
            "7l1b",
            "3l3g",
            "1w0v",
            "7lgd"
        ],
        "5": [
            "1k5n",
            "6y26",
            "6y2a",
            "6joz",
            "6y2b",
            "6y27",
            "7m8t",
            "6y28",
            "7ejl",
            "3rew",
            "3lks",
            "4u1i",
            "4k7f",
            "3lkr",
            "3lkn",
            "3rl1",
            "1hsa",
            "1jge",
            "1w0w",
            "1xr8",
            "5xs3",
            "2x4s",
            "3l3k",
            "7s8r"
        ],
        "6": [
            "6mtl",
            "6pyj",
            "6pyv",
            "6pz5",
            "5deg",
            "3kpq",
            "3mrj",
            "3kpo",
            "7lg0",
            "7n1b"
        ],
        "7": [
            "3mrg",
            "6q3k",
            "3gso",
            "5nmk",
            "3gsu",
            "5fa3",
            "3ft4",
            "3gsv",
            "3mr9",
            "3ft3",
            "3gsx",
            "3gsq",
            "1t1x",
            "5meq"
        ],
        "8": [
            "7kgr",
            "2vll",
            "5hhp",
            "7u21",
            "7mj6",
            "7n1a",
            "7mle",
            "1t22",
            "7n6d",
            "3mrl",
            "1hhi",
            "5f9j",
            "5w69"
        ],
        "9": [
            "3v5h",
            "1i7u",
            "7mkb",
            "7uc5",
            "5wsh",
            "7rtd",
            "5hhq",
            "1eez",
            "3v5k",
            "5ib5",
            "1b0g",
            "2xpg",
            "1i7t",
            "7eu2",
            "7re8"
        ],
        "10": [
            "6y29",
            "1ogt",
            "5nmh",
            "5def",
            "6opd",
            "3h7b",
            "6pte",
            "5ib3",
            "5ib4",
            "1t1y",
            "5hhn",
            "6ptb",
            "1s8d",
            "1t20",
            "1i7r",
            "1t1w",
            "1of2",
            "2x4r",
            "2x4o",
            "3mrf",
            "7lg3",
            "3mrh"
        ]
    }
}