{
    "clustering_positions": [
        4,
        5,
        6
    ],
    "cluster_count": 7,
    "noise_cluster_size": 240,
    "min_cluster_size": 10,
    "max_cluster_size": 18,
    "mean_cluster_size": 13.1,
    "max_rmsd": 1.2,
    "cluster_max_rmsds": [
        1.4197471605888148,
        1.625265721864171,
        0.5557535424988277,
        0.7921519214561489,
        0.7651143705355438,
        0.7971074791603296,
        0.8279382022027153
    ],
    "noise_cluster_max_rmsd": 2.8547361816228594,
    "noise_cluster": [
        "1k5n",
        "3mre",
        "7r7w",
        "3czf",
        "6y26",
        "6mt3",
        "7tuc",
        "6y2a",
        "6y29",
        "3d25",
        "3mrg",
        "6mt6",
        "7kgq",
        "2bvp",
        "6mtl",
        "6joz",
        "6pyw",
        "4u1j",
        "6j2a",
        "3mrk",
        "7kgp",
        "3mrb",
        "6vb2",
        "6pyv",
        "1x7q",
        "1ogt",
        "7m8t",
        "6o4z",
        "7wkj",
        "6j1w",
        "7jyv",
        "6pz5",
        "5eu5",
        "7kgr",
        "6mt5",
        "6mt4",
        "7kgs",
        "5wmr",
        "6o4y",
        "4u1h",
        "2v2x",
        "2vll",
        "6v2q",
        "6j29",
        "1m6o",
        "3kpm",
        "7r7y",
        "5def",
        "2v2w",
        "4qru",
        "3sko",
        "7r7v",
        "5wmo",
        "3v5h",
        "3kla",
        "3pwl",
        "5vwh",
        "7p3d",
        "3qfd",
        "7mja",
        "6y28",
        "5eo0",
        "4qrq",
        "2gtz",
        "5e00",
        "5txs",
        "5xos",
        "1n2r",
        "1syv",
        "3mrd",
        "3l3i",
        "7ejm",
        "5n6b",
        "1uxw",
        "5w6a",
        "3d18",
        "7mj9",
        "6vb1",
        "4u1s",
        "4i4w",
        "5meo",
        "1xr9",
        "4hx1",
        "1tvb",
        "3x12",
        "5vue",
        "3fqt",
        "3bp7",
        "5vwf",
        "1i7u",
        "3skm",
        "3lkp",
        "5vwd",
        "5iek",
        "3bo8",
        "3l3d",
        "1tvh",
        "3lkq",
        "3gsw",
        "5wmn",
        "5deg",
        "4nt6",
        "5enw",
        "7sa2",
        "5eo1",
        "3bp4",
        "3bxn",
        "3mrj",
        "6uli",
        "5mer",
        "3myj",
        "5vuf",
        "3rew",
        "5hhp",
        "2guo",
        "6vb0",
        "3lks",
        "7u21",
        "4nny",
        "1t1z",
        "6jtp",
        "7mkb",
        "5ib3",
        "4u1i",
        "3fqw",
        "3lv3",
        "3gsr",
        "7mj6",
        "5ib4",
        "7uc5",
        "7l1c",
        "5eu3",
        "4o2e",
        "5vwj",
        "4k7f",
        "3lkr",
        "7nui",
        "5vvp",
        "3upr",
        "4nqx",
        "3x14",
        "5wsh",
        "3hpj",
        "6j1v",
        "3h9h",
        "7p3e",
        "5vud",
        "3lkn",
        "3v5d",
        "5u98",
        "6z9v",
        "7l1b",
        "7rtd",
        "4u1l",
        "4u1k",
        "1hsa",
        "3ixa",
        "3l3g",
        "4no5",
        "5hhq",
        "2x4u",
        "7r7x",
        "2bst",
        "7ejn",
        "1w0w",
        "6ssa",
        "5eu4",
        "5ind",
        "7kgo",
        "3x11",
        "1jht",
        "6xqa",
        "6o9b",
        "1e27",
        "7mle",
        "1t22",
        "1i1y",
        "1i7r",
        "1of2",
        "1s9w",
        "6ss8",
        "6ujo",
        "1eey",
        "1w0v",
        "7lg0",
        "1xr8",
        "1a1m",
        "1a1o",
        "1s9y",
        "7lg3",
        "7n6d",
        "7tlt",
        "3v5k",
        "5vgd",
        "6vr1",
        "6vr5",
        "2c7u",
        "4nqv",
        "4hwz",
        "1sys",
        "1q94",
        "7lg2",
        "3l3j",
        "1qr1",
        "3i6l",
        "3mrl",
        "6o9c",
        "5ib5",
        "5xs3",
        "1hhj",
        "1b0g",
        "2rfx",
        "1hhi",
        "6ss7",
        "1s9x",
        "5im7",
        "5f9j",
        "2x4s",
        "3to2",
        "2xpg",
        "1hhg",
        "5vge",
        "3l3k",
        "4l3c",
        "1qqd",
        "6z9w",
        "5mep",
        "1i1f",
        "1i7t",
        "7eu2",
        "5w69",
        "4i48",
        "7n1b",
        "7re8",
        "7lgd",
        "7jyw",
        "7f4w",
        "7s8r",
        "4l29",
        "6nca"
    ],
    "outlier_scores": [],
    "clusters": {
        "1": [
            "4qrs",
            "4qrt",
            "6d2t",
            "3kpp",
            "7lfz",
            "3kpl",
            "3kpn",
            "3bvn",
            "1cg9",
            "5inc"
        ],
        "2": [
            "4u1m",
            "5wmq",
            "2a83",
            "5ib2",
            "1uxs",
            "4u1n",
            "3mrc",
            "3x13",
            "1m05",
            "5ib1",
            "7lgt",
            "3mri",
            "1a9e",
            "2bck",
            "1a9b"
        ],
        "3": [
            "2cik",
            "6uzm",
            "3c9n",
            "6uzs",
            "2h6p",
            "6vb3",
            "6uzp",
            "6vb7",
            "6vb6",
            "6vb5",
            "6uzn",
            "6viu",
            "6vb4",
            "6uzo",
            "6uzq"
        ],
        "4": [
            "6y2b",
            "6y27",
            "6pyj",
            "7m8u",
            "3pwn",
            "2git",
            "3pwj",
            "3lko",
            "1duz",
            "2av1",
            "2av7",
            "7n1a",
            "1jge",
            "1qew",
            "2x4o",
            "2bsr",
            "1hhk",
            "6ujq"
        ],
        "5": [
            "5nmh",
            "7ejl",
            "6pte",
            "3rl1",
            "6ptb",
            "1s8d",
            "1t1w",
            "2x4r",
            "3mrf",
            "1eez"
        ],
        "6": [
            "6q3k",
            "3gso",
            "5nmk",
            "3gsu",
            "5fa3",
            "3ft4",
            "3gsv",
            "3mr9",
            "3ft3",
            "3gsx",
            "3gsq",
            "1t1x",
            "5meq",
            "3kpo"
        ],
        "7": [
            "6opd",
            "3kpq",
            "3h7b",
            "1t1y",
            "5hhn",
            "1t21",
            "1t20",
            "7nmd",
            "3mrh",
            "6ss9"
        ]
    }
}