{
    "clustering_positions": [
        4,
        7
    ],
    "cluster_count": 7,
    "noise_cluster_size": 189,
    "min_cluster_size": 11,
    "max_cluster_size": 39,
    "mean_cluster_size": 20.4,
    "max_rmsd": 1.94,
    "cluster_max_rmsds": [
        2.334355085814215,
        1.5365616377700801,
        1.8098960375299669,
        2.119236183156562,
        2.0155938744366813,
        0.9222257496585806,
        1.9170904169252554
    ],
    "noise_cluster_max_rmsd": 2.863924405426929,
    "noise_cluster": [
        "3mre",
        "7r7w",
        "4u1m",
        "3czf",
        "6mt3",
        "6y29",
        "3d25",
        "3mrg",
        "6mt6",
        "2bvp",
        "6mtl",
        "6joz",
        "6y2b",
        "6pyw",
        "6j2a",
        "4qrs",
        "7kgp",
        "5wmq",
        "2a83",
        "4qrt",
        "6vb2",
        "5ib2",
        "6pyj",
        "1x7q",
        "7m8u",
        "7wkj",
        "6j1w",
        "6pz5",
        "5eu5",
        "6mt5",
        "6mt4",
        "7kgs",
        "5wmr",
        "4u1h",
        "2v2x",
        "2vll",
        "6v2q",
        "6j29",
        "7r7y",
        "4qru",
        "3sko",
        "7r7v",
        "5wmo",
        "3pwl",
        "5vwh",
        "7p3d",
        "3qfd",
        "7mja",
        "5eo0",
        "4qrq",
        "2gtz",
        "5txs",
        "2git",
        "3mrd",
        "3l3i",
        "7ejm",
        "1uxw",
        "5w6a",
        "3d18",
        "4u1s",
        "1xr9",
        "4hx1",
        "1tvb",
        "3x12",
        "5vue",
        "3fqt",
        "3bp7",
        "3lko",
        "5vwf",
        "1i7u",
        "3skm",
        "3lkp",
        "5vwd",
        "5iek",
        "3l3d",
        "3mrc",
        "1duz",
        "1tvh",
        "3lkq",
        "3x13",
        "3gsw",
        "5wmn",
        "5deg",
        "4nt6",
        "3kpq",
        "5enw",
        "5eo1",
        "3bp4",
        "5fa3",
        "3bxn",
        "3mrj",
        "3c9n",
        "6uli",
        "5mer",
        "3myj",
        "5vuf",
        "3rew",
        "1m05",
        "3ft4",
        "2guo",
        "6d2t",
        "6vb0",
        "3lks",
        "7u21",
        "3kpp",
        "4nny",
        "6jtp",
        "7lfz",
        "4u1i",
        "3fqw",
        "3lv3",
        "2av1",
        "7uc5",
        "3kpl",
        "7l1c",
        "7lgt",
        "5vwj",
        "3kpn",
        "3lkr",
        "6vb3",
        "7nui",
        "3upr",
        "4nqx",
        "3hpj",
        "3h9h",
        "7p3e",
        "5vud",
        "3lkn",
        "3v5d",
        "6z9v",
        "7l1b",
        "7rtd",
        "2av7",
        "3mri",
        "7r7x",
        "7ejn",
        "1w0w",
        "5eu4",
        "5ind",
        "3x11",
        "1jht",
        "6xqa",
        "6o9b",
        "1e27",
        "7mle",
        "1t22",
        "1s9w",
        "6ujo",
        "7nmd",
        "1eey",
        "1a1m",
        "1eez",
        "7lg3",
        "7tlt",
        "5vgd",
        "6vr1",
        "6vr5",
        "2c7u",
        "4nqv",
        "1sys",
        "1q94",
        "7lg2",
        "6uzq",
        "1qr1",
        "3mrl",
        "6o9c",
        "5ib5",
        "1a9e",
        "5xs3",
        "1hhk",
        "2rfx",
        "1hhi",
        "5im7",
        "3bvn",
        "2x4s",
        "3to2",
        "2xpg",
        "1hhg",
        "5vge",
        "1cg9",
        "1qqd",
        "6z9w",
        "2bck",
        "5w69",
        "4i48",
        "7jyw",
        "7s8r",
        "4l29",
        "1a9b"
    ],
    "outlier_scores": [],
    "clusters": {
        "1": [
            "7tuc",
            "7kgq",
            "4u1j",
            "1uxs",
            "1m6o",
            "3kpm",
            "1n2r",
            "1syv",
            "6vb1",
            "4u1n",
            "5ib1",
            "3x14",
            "5u98",
            "4u1l",
            "4u1k",
            "3l3g",
            "1w0v",
            "5inc",
            "7lgd"
        ],
        "2": [
            "6pyv",
            "5nmh",
            "2v2w",
            "5nmk",
            "6opd",
            "5hhn",
            "4no5",
            "2x4u",
            "6ptb",
            "1i1y",
            "1i7r",
            "7lg0",
            "1s9y",
            "2x4o",
            "2bsr",
            "3mrf",
            "3i6l",
            "1hhj",
            "1s9x",
            "6ujq",
            "5mep",
            "1i1f",
            "7n1b"
        ],
        "3": [
            "1k5n",
            "6y26",
            "6y2a",
            "6y27",
            "6y28",
            "5xos",
            "3rl1",
            "1hsa",
            "1jge",
            "1qew",
            "3l3j"
        ],
        "4": [
            "7jyv",
            "5n6b",
            "3bo8",
            "7sa2",
            "7ejl",
            "5eu3",
            "4o2e",
            "4k7f",
            "5vvp",
            "6j1v",
            "3ixa",
            "6ssa",
            "6ss8",
            "1a1o",
            "6viu",
            "6vb4",
            "6uzo",
            "3l3k",
            "7f4w"
        ],
        "5": [
            "7m8t",
            "2cik",
            "6uzm",
            "6uzs",
            "2h6p",
            "6uzp",
            "6vb7",
            "2bst",
            "6vb6",
            "6vb5",
            "6uzn",
            "1xr8",
            "4hwz"
        ],
        "6": [
            "7kgr",
            "3v5h",
            "3kla",
            "7mj9",
            "5hhp",
            "7mkb",
            "7mj6",
            "5wsh",
            "7n1a",
            "5hhq",
            "7n6d",
            "3v5k",
            "1b0g",
            "5f9j",
            "4l3c",
            "1i7t",
            "7eu2",
            "7re8",
            "6nca"
        ],
        "7": [
            "3mrk",
            "3mrb",
            "1ogt",
            "6q3k",
            "6o4z",
            "6o4y",
            "3gso",
            "5def",
            "3pwn",
            "5e00",
            "3pwj",
            "4i4w",
            "5meo",
            "3gsu",
            "3h7b",
            "6pte",
            "1t1z",
            "3gsv",
            "5ib3",
            "3mr9",
            "3gsr",
            "5ib4",
            "3ft3",
            "1t1y",
            "3gsx",
            "3gsq",
            "7kgo",
            "1t21",
            "1s8d",
            "1t20",
            "1t1x",
            "1t1w",
            "1of2",
            "5meq",
            "3kpo",
            "2x4r",
            "3mrh",
            "6ss7",
            "6ss9"
        ]
    }
}