{
    "clustering_positions": [
        6,
        7
    ],
    "cluster_count": 7,
    "noise_cluster_size": 183,
    "min_cluster_size": 12,
    "max_cluster_size": 40,
    "mean_cluster_size": 21.3,
    "max_rmsd": 1.92,
    "cluster_max_rmsds": [
        1.9949436082255534,
        2.899970172260403,
        1.7626605837010514,
        1.0296648321986461,
        2.770074668067033,
        1.0820728564503732,
        0.9303742974380448
    ],
    "noise_cluster_max_rmsd": 2.8547361816228594,
    "noise_cluster": [
        "1k5n",
        "3mre",
        "7r7w",
        "3czf",
        "6mt3",
        "6y2a",
        "3d25",
        "3mrg",
        "6mt6",
        "7kgq",
        "2bvp",
        "6joz",
        "6y2b",
        "6y27",
        "6pyw",
        "6j2a",
        "4qrs",
        "7kgp",
        "5wmq",
        "2a83",
        "4qrt",
        "6vb2",
        "5ib2",
        "6pyj",
        "6pyv",
        "1x7q",
        "7m8u",
        "1ogt",
        "7wkj",
        "6pz5",
        "6mt5",
        "6mt4",
        "1uxs",
        "5nmh",
        "7kgs",
        "5wmr",
        "6o4y",
        "4u1h",
        "2vll",
        "6v2q",
        "6j29",
        "7r7y",
        "5def",
        "3pwn",
        "2v2w",
        "3sko",
        "7r7v",
        "5wmo",
        "3pwl",
        "5vwh",
        "7p3d",
        "7mja",
        "6y28",
        "5eo0",
        "4qrq",
        "5txs",
        "3mrd",
        "3l3i",
        "1uxw",
        "5w6a",
        "3d18",
        "4u1s",
        "4i4w",
        "5meo",
        "4hx1",
        "3x12",
        "5vue",
        "3bp7",
        "3lko",
        "6uzm",
        "5vwf",
        "1i7u",
        "3lkp",
        "5vwd",
        "5iek",
        "3bo8",
        "3l3d",
        "1duz",
        "3lkq",
        "3x13",
        "3gsw",
        "5wmn",
        "5deg",
        "4nt6",
        "5enw",
        "5eo1",
        "3bp4",
        "5fa3",
        "3bxn",
        "3mrj",
        "3myj",
        "5vuf",
        "3rew",
        "1m05",
        "3ft4",
        "6d2t",
        "6vb0",
        "3lks",
        "3kpp",
        "4nny",
        "2h6p",
        "7lfz",
        "5ib1",
        "5ib3",
        "4u1i",
        "3fqw",
        "3lv3",
        "2av1",
        "5ib4",
        "3kpl",
        "7lgt",
        "4o2e",
        "5vwj",
        "3kpn",
        "3lkr",
        "7nui",
        "3upr",
        "4nqx",
        "5wsh",
        "3hpj",
        "7p3e",
        "5vud",
        "3lkn",
        "3v5d",
        "6z9v",
        "7rtd",
        "2av7",
        "4u1l",
        "7n1a",
        "1hsa",
        "4no5",
        "7r7x",
        "2bst",
        "7ejn",
        "1w0w",
        "5ind",
        "3x11",
        "6o9b",
        "1e27",
        "7mle",
        "1i7r",
        "6uzn",
        "6ujo",
        "7nmd",
        "7lg0",
        "1a1m",
        "1a1o",
        "2x4o",
        "2bsr",
        "3mrf",
        "1eez",
        "7lg3",
        "7n6d",
        "7tlt",
        "5vgd",
        "6vr5",
        "2c7u",
        "4nqv",
        "4hwz",
        "1sys",
        "1qr1",
        "6o9c",
        "5xs3",
        "1hhk",
        "1b0g",
        "2rfx",
        "1hhi",
        "5im7",
        "5f9j",
        "3bvn",
        "2x4s",
        "3to2",
        "2xpg",
        "1hhg",
        "1cg9",
        "1qqd",
        "1i7t",
        "2bck",
        "5w69",
        "7n1b",
        "7s8r",
        "1a9b",
        "6nca"
    ],
    "outlier_scores": [],
    "clusters": {
        "1": [
            "4u1m",
            "4qru",
            "4u1n",
            "1xr9",
            "3skm",
            "6uli",
            "6jtp",
            "6vb3",
            "3x14",
            "7l1b",
            "4u1k",
            "7lg2",
            "6uzq",
            "5vge"
        ],
        "2": [
            "3qfd",
            "2gtz",
            "5n6b",
            "2cik",
            "3kpq",
            "3c9n",
            "2guo",
            "6uzs",
            "6uzp",
            "6vb7",
            "6ssa",
            "6vb6",
            "6vb5",
            "1jht",
            "1of2",
            "6ss8",
            "1xr8",
            "6viu",
            "6vb4",
            "6uzo",
            "1q94",
            "6ss7"
        ],
        "3": [
            "3mrk",
            "3mrb",
            "6q3k",
            "6o4z",
            "1m6o",
            "3gso",
            "5e00",
            "7ejm",
            "1tvb",
            "3fqt",
            "3gsu",
            "1tvh",
            "7sa2",
            "5mer",
            "7ejl",
            "7u21",
            "6pte",
            "1t1z",
            "3gsv",
            "3mr9",
            "3gsr",
            "3ft3",
            "5eu3",
            "5vvp",
            "6j1v",
            "3gsx",
            "3ixa",
            "3l3g",
            "3gsq",
            "5eu4",
            "7kgo",
            "1t22",
            "1s8d",
            "1t1w",
            "5meq",
            "3kpo",
            "2x4r",
            "6vr1",
            "6ss9",
            "4l29"
        ],
        "4": [
            "7tuc",
            "4u1j",
            "6j1w",
            "3kpm",
            "1syv",
            "6vb1",
            "3h7b",
            "4k7f",
            "1t1y",
            "3h9h",
            "2x4u",
            "1t21",
            "1i1y",
            "1t20",
            "1t1x",
            "1eey",
            "3mrh",
            "3mrl",
            "5ib5",
            "3l3k",
            "1i1f",
            "7eu2"
        ],
        "5": [
            "6y26",
            "6y29",
            "6mtl",
            "7m8t",
            "7jyv",
            "2v2x",
            "2git",
            "1n2r",
            "3pwj",
            "3mrc",
            "7l1c",
            "5u98",
            "3mri",
            "1jge",
            "6xqa",
            "1qew",
            "1w0v",
            "3i6l",
            "1a9e",
            "6ujq",
            "6z9w",
            "5mep",
            "4i48",
            "5inc",
            "7lgd",
            "7jyw",
            "7f4w"
        ],
        "6": [
            "5eu5",
            "3kla",
            "5nmk",
            "7mj9",
            "7mj6",
            "3rl1",
            "6ptb",
            "1s9w",
            "1s9y",
            "3l3j",
            "1s9x",
            "4l3c"
        ],
        "7": [
            "7kgr",
            "3v5h",
            "5xos",
            "6opd",
            "5hhp",
            "7mkb",
            "7uc5",
            "5hhn",
            "5hhq",
            "3v5k",
            "1hhj",
            "7re8"
        ]
    }
}