{
    "clustering_positions": [
        5,
        7
    ],
    "cluster_count": 5,
    "noise_cluster_size": 205,
    "min_cluster_size": 14,
    "max_cluster_size": 42,
    "mean_cluster_size": 25.4,
    "max_rmsd": 1.59,
    "cluster_max_rmsds": [
        1.8656695848943907,
        1.1321779895405162,
        0.5619685637708428,
        1.7746035237952897,
        1.3354040587028344
    ],
    "noise_cluster_max_rmsd": 2.863924405426929,
    "noise_cluster": [
        "3mre",
        "6mt3",
        "3mrg",
        "6mt6",
        "7kgq",
        "6mtl",
        "6joz",
        "6y2b",
        "4u1j",
        "6j2a",
        "4qrs",
        "7kgp",
        "2a83",
        "4qrt",
        "3mrb",
        "6vb2",
        "1x7q",
        "7m8u",
        "7m8t",
        "6o4z",
        "7wkj",
        "6j1w",
        "7jyv",
        "5eu5",
        "6mt4",
        "7kgs",
        "5wmr",
        "6o4y",
        "4u1h",
        "2v2x",
        "2vll",
        "6j29",
        "7r7y",
        "3pwn",
        "2v2w",
        "3sko",
        "7r7v",
        "5wmo",
        "3kla",
        "3pwl",
        "5vwh",
        "5nmk",
        "7p3d",
        "3qfd",
        "7mja",
        "5eo0",
        "4qrq",
        "2gtz",
        "5txs",
        "5xos",
        "2git",
        "3mrd",
        "3l3i",
        "7ejm",
        "5n6b",
        "1uxw",
        "5w6a",
        "3d18",
        "2cik",
        "7mj9",
        "6vb1",
        "4u1s",
        "4i4w",
        "5meo",
        "1xr9",
        "4hx1",
        "3x12",
        "5vue",
        "3bp7",
        "3lko",
        "6uzm",
        "5vwf",
        "1i7u",
        "3lkp",
        "5vwd",
        "5iek",
        "3l3d",
        "3mrc",
        "1duz",
        "1tvh",
        "3lkq",
        "3gsw",
        "4nt6",
        "5enw",
        "7sa2",
        "5eo1",
        "5fa3",
        "3bxn",
        "6uli",
        "3myj",
        "5vuf",
        "3rew",
        "3ft4",
        "5hhp",
        "6vb0",
        "3kpp",
        "4nny",
        "1t1z",
        "7lfz",
        "4u1i",
        "3fqw",
        "3lv3",
        "3gsr",
        "2av1",
        "7mj6",
        "3kpl",
        "7l1c",
        "7lgt",
        "4o2e",
        "5vwj",
        "3kpn",
        "6vb3",
        "5vvp",
        "3upr",
        "3hpj",
        "6j1v",
        "3h9h",
        "7p3e",
        "5vud",
        "3lkn",
        "3v5d",
        "5u98",
        "7l1b",
        "2av7",
        "7n1a",
        "6uzp",
        "4u1k",
        "6vb7",
        "3mri",
        "3ixa",
        "2x4u",
        "7r7x",
        "2bst",
        "7ejn",
        "1w0w",
        "6vb6",
        "6vb5",
        "7kgo",
        "3x11",
        "1jht",
        "6xqa",
        "1t21",
        "6o9b",
        "1e27",
        "7mle",
        "1qew",
        "1i1y",
        "1s9w",
        "6uzn",
        "6ss8",
        "6ujo",
        "7nmd",
        "1eey",
        "1w0v",
        "7lg0",
        "1a1m",
        "1a1o",
        "1s9y",
        "2bsr",
        "3mrf",
        "1eez",
        "7lg3",
        "7n6d",
        "7tlt",
        "5vgd",
        "6vr1",
        "6vr5",
        "2c7u",
        "4nqv",
        "4hwz",
        "1sys",
        "1q94",
        "7lg2",
        "3l3j",
        "6uzq",
        "1qr1",
        "3i6l",
        "6o9c",
        "5xs3",
        "1hhk",
        "1hhj",
        "2rfx",
        "1hhi",
        "1s9x",
        "5im7",
        "5f9j",
        "6ujq",
        "2x4s",
        "3to2",
        "2xpg",
        "1hhg",
        "5vge",
        "4l3c",
        "1cg9",
        "1qqd",
        "5mep",
        "1i1f",
        "2bck",
        "5w69",
        "4i48",
        "7n1b",
        "5inc",
        "7jyw",
        "7s8r",
        "1a9b"
    ],
    "outlier_scores": [],
    "clusters": {
        "1": [
            "7r7w",
            "4u1m",
            "3czf",
            "5wmq",
            "5ib2",
            "6mt5",
            "1uxs",
            "6v2q",
            "4qru",
            "4u1n",
            "3skm",
            "3x13",
            "3bp4",
            "1m05",
            "6d2t",
            "6jtp",
            "5ib1",
            "7nui",
            "3x14",
            "4u1l",
            "5ind",
            "1a9e",
            "3bvn"
        ],
        "2": [
            "5e00",
            "1tvb",
            "3fqt",
            "5wmn",
            "3c9n",
            "5mer",
            "6uzs",
            "2h6p",
            "5eu3",
            "4nqx",
            "5eu4",
            "6viu",
            "6vb4",
            "6uzo",
            "4l29"
        ],
        "3": [
            "6q3k",
            "3gso",
            "3gsu",
            "7u21",
            "3gsv",
            "3mr9",
            "3ft3",
            "3gsx",
            "3gsq",
            "1t22",
            "1t1x",
            "5meq",
            "3kpo",
            "3mrl"
        ],
        "4": [
            "1k5n",
            "6y26",
            "6y2a",
            "6y29",
            "6y27",
            "6pyw",
            "6pyj",
            "6pyv",
            "6pz5",
            "7kgr",
            "5nmh",
            "3v5h",
            "6y28",
            "6opd",
            "7mkb",
            "7uc5",
            "3lkr",
            "5wsh",
            "3rl1",
            "5hhn",
            "7rtd",
            "1hsa",
            "4no5",
            "5hhq",
            "1jge",
            "6ptb",
            "1i7r",
            "2x4o",
            "3v5k",
            "1b0g",
            "1i7t",
            "7re8",
            "6nca"
        ],
        "5": [
            "7tuc",
            "3d25",
            "2bvp",
            "3mrk",
            "1ogt",
            "1m6o",
            "3kpm",
            "5def",
            "1n2r",
            "1syv",
            "3pwj",
            "3bo8",
            "5deg",
            "3kpq",
            "3mrj",
            "3h7b",
            "7ejl",
            "2guo",
            "3lks",
            "6pte",
            "5ib3",
            "5ib4",
            "4k7f",
            "1t1y",
            "6z9v",
            "3l3g",
            "6ssa",
            "1s8d",
            "1t20",
            "1t1w",
            "1of2",
            "1xr8",
            "2x4r",
            "3mrh",
            "5ib5",
            "6ss7",
            "3l3k",
            "6ss9",
            "6z9w",
            "7eu2",
            "7lgd",
            "7f4w"
        ]
    }
}